date,universe,n,adv,dec,up_vol,dn_vol,up4,dn4,up25q,dn25q,up13_34,dn13_34,nh,nl,p_ab20,p_ab40,p_ab50,p_ab200,p_stack,p_s1,p_s2,p_s3,p_s4
2024-08-09,all,3901,1288,2561,2884,4277,623,1134,330,774,701,893,103,534,25.48,39.54,40.77,47.92,29.87,19.93,44.21,3.82,32.03
2024-08-09,nasdaq,2777,898,1832,1853,2781,472,839,277,713,524,792,58,444,22.36,34.82,36.21,40.93,25.57,20.17,37.1,3.98,38.75
2024-08-09,r2000,1854,538,1300,1473,2304,354,728,162,253,423,286,52,206,22.34,43.58,45.6,54.7,33.42,22.41,51.27,3.47,22.85
2024-08-09,scan,159,105,54,136,94,50,6,32,2,69,0,10,0,71.7,98.74,100.0,100.0,86.16,0.0,100.0,0.0,0.0
2024-08-09,sp500,499,233,266,515,663,62,53,10,9,50,45,30,25,45.69,55.11,57.52,70.56,44.69,18.99,67.47,3.03,10.51
2024-08-16,all,3906,2836,1015,2960,1940,893,330,366,715,799,778,246,248,45.42,50.21,51.24,52.21,34.49,16.28,47.88,4.4,31.44
2024-08-16,nasdaq,2782,1909,824,2068,1439,714,275,311,666,583,706,148,219,40.43,44.82,45.72,45.1,29.71,16.77,40.36,4.88,38.0
2024-08-16,r2000,1855,1461,380,1529,907,493,181,180,214,450,245,129,82,43.41,55.88,57.52,59.34,37.15,17.89,55.37,3.96,22.78
2024-08-16,scan,202,189,12,126,48,47,2,37,0,97,0,22,0,82.18,100.0,100.0,100.0,87.62,0.0,100.0,0.0,0.0
2024-08-16,sp500,499,430,69,356,172,72,7,15,6,76,24,59,6,76.15,68.74,69.14,76.21,53.11,14.55,72.53,3.64,9.29
2024-08-23,all,3907,2963,877,2630,1454,1089,276,447,630,1176,651,472,101,72.61,61.23,61.47,56.58,46.51,12.6,51.3,5.32,30.78
2024-08-23,nasdaq,2783,1985,735,1995,1141,839,227,371,596,816,604,246,90,67.53,54.83,55.22,48.97,40.68,13.63,43.2,5.84,37.33
2024-08-23,r2000,1855,1547,294,1262,593,694,134,254,163,683,185,216,31,78.25,68.11,69.16,64.96,52.2,13.04,59.63,5.34,22.0
2024-08-23,scan,186,170,15,101,43,86,7,41,0,103,0,27,0,97.31,98.92,100.0,100.0,94.62,0.0,100.0,0.0,0.0
2024-08-23,sp500,499,424,75,220,110,39,16,16,6,136,18,160,1,91.18,80.56,79.56,80.24,65.13,10.69,76.41,3.83,9.07
2024-08-30,all,3912,1913,1927,2197,1668,409,371,584,583,653,926,480,141,73.0,58.97,60.48,56.28,51.16,12.97,51.55,4.82,30.67
2024-08-30,nasdaq,2788,1212,1513,1468,1267,346,320,443,547,466,837,181,128,66.5,52.08,53.47,48.45,44.57,14.34,42.98,5.58,37.1
2024-08-30,r2000,1855,960,874,1001,753,205,186,354,146,342,308,201,30,81.77,65.84,68.89,64.31,59.51,13.14,59.92,4.4,22.54
2024-08-30,scan,199,100,98,62,53,13,15,63,0,35,1,11,0,99.5,98.49,100.0,100.0,97.99,0.0,100.0,0.0,0.0
2024-08-30,sp500,499,362,137,352,130,18,15,39,9,89,26,202,4,91.78,82.57,81.56,81.85,70.14,10.28,78.02,3.83,7.86
2024-09-06,all,3917,661,3191,1385,2725,249,921,414,698,434,1137,197,343,33.5,36.58,42.12,48.11,43.25,19.61,45.28,2.88,32.22
2024-09-06,nasdaq,2793,484,2251,929,1760,208,697,330,650,333,965,62,270,31.47,32.42,37.51,41.16,37.25,20.04,37.79,3.44,38.73
2024-09-06,r2000,1855,241,1594,600,1248,120,524,230,206,204,454,72,126,32.9,37.21,45.83,55.6,49.19,19.96,53.0,2.64,24.41
2024-09-06,scan,68,21,45,60,54,15,21,25,0,33,0,2,0,88.24,100.0,100.0,100.0,98.53,0.0,100.0,0.0,0.0
2024-09-06,sp500,499,86,413,238,537,8,91,18,10,51,42,93,21,43.49,55.51,57.72,70.56,63.13,20.97,68.15,2.42,8.47
2024-09-13,all,3922,2923,942,3500,2262,940,287,606,584,447,1051,465,248,56.59,55.14,54.07,53.19,39.82,14.88,48.81,4.44,31.87
2024-09-13,nasdaq,2798,2001,744,2298,1508,753,213,462,545,345,890,191,182,53.07,50.29,48.97,46.01,34.9,15.7,40.97,5.12,38.21
2024-09-13,r2000,1855,1535,311,1729,1054,541,160,377,153,203,434,244,111,63.45,60.1,60.53,61.38,42.66,14.45,56.98,4.45,24.12
2024-09-13,scan,159,149,9,141,25,68,1,52,0,43,0,23,0,79.87,99.37,100.0,100.0,83.65,0.0,100.0,0.0,0.0
2024-09-13,sp500,499,409,90,577,337,50,13,36,10,55,25,152,10,66.13,76.15,73.35,77.02,60.92,14.11,74.8,2.22,8.87
2024-09-20,all,3926,2278,1586,4334,4066,691,448,684,515,876,621,562,154,62.09,61.8,57.76,55.09,47.75,12.73,49.6,5.55,32.12
2024-09-20,nasdaq,2802,1519,1229,2915,2746,535,371,536,484,646,566,258,148,58.2,56.28,51.48,47.39,41.68,13.97,41.2,6.28,38.55
2024-09-20,r2000,1858,1179,660,2282,2192,358,240,417,127,407,187,303,19,68.79,69.4,64.25,63.52,53.65,11.86,57.83,5.71,24.6
2024-09-20,scan,169,139,30,228,165,48,8,61,0,91,0,33,0,94.67,100.0,100.0,100.0,97.63,0.0,100.0,0.0,0.0
2024-09-20,sp500,499,331,167,644,561,51,13,37,10,117,7,160,2,71.54,80.36,79.76,78.83,69.94,11.69,77.02,1.81,9.48
2024-09-27,all,3934,1950,1917,3162,2731,687,335,705,462,1051,435,374,165,63.63,65.35,60.36,56.22,50.59,11.01,49.43,6.84,32.72
2024-09-27,nasdaq,2806,1349,1402,2143,1920,563,253,526,432,790,406,190,153,60.63,60.22,54.66,48.62,44.62,12.32,40.85,7.84,38.98
2024-09-27,r2000,1863,843,994,1409,1304,304,186,411,110,465,107,135,38,65.71,69.31,62.58,62.92,54.43,11.31,56.07,6.86,25.76
2024-09-27,scan,149,84,65,103,86,25,4,60,0,80,0,6,0,95.97,100.0,100.0,100.0,98.66,0.0,100.0,0.0,0.0
2024-09-27,sp500,499,321,177,470,334,46,21,48,6,123,6,124,2,74.35,84.97,84.97,83.67,73.95,7.46,79.84,3.83,8.87
2024-10-04,all,3940,1539,2337,2833,2693,610,439,639,488,764,545,431,209,53.26,56.63,56.74,55.11,48.93,11.16,48.09,7.07,33.68
2024-10-04,nasdaq,2811,1085,1672,1976,1884,499,367,490,451,605,507,232,192,50.88,52.25,51.91,47.99,43.8,12.13,39.89,8.17,39.81
2024-10-04,r2000,1864,690,1150,1245,1242,282,234,342,125,303,153,184,59,52.08,57.61,57.53,61.6,48.73,11.03,54.45,7.14,27.39
2024-10-04,scan,147,89,58,93,78,39,6,45,2,45,1,7,0,92.52,96.6,100.0,100.0,95.24,0.0,100.0,0.0,0.0
2024-10-04,sp500,499,218,281,378,338,23,10,51,9,73,8,131,6,63.33,72.75,77.56,79.84,71.74,10.28,76.21,3.63,9.88
2024-10-11,all,3946,2005,1865,2538,2380,637,415,511,560,616,713,423,194,52.95,56.18,59.78,54.95,45.86,10.31,47.15,7.86,34.68
2024-10-11,nasdaq,2816,1406,1347,1841,1708,534,325,402,518,488,648,234,173,51.64,53.11,55.39,47.77,42.56,11.07,38.93,8.91,41.09
2024-10-11,r2000,1866,1007,827,1212,1088,332,213,254,153,242,234,163,68,54.68,58.65,63.81,62.15,45.52,9.76,53.21,8.94,28.09
2024-10-11,scan,128,76,52,93,50,42,11,40,1,25,0,9,0,87.5,100.0,100.0,100.0,95.31,0.0,100.0,0.0,0.0
2024-10-11,sp500,499,313,186,292,234,32,24,37,8,62,8,154,6,64.73,72.34,78.96,80.24,64.93,9.88,76.21,4.03,9.88
2024-10-18,all,3952,2599,1285,3568,2279,747,359,529,528,755,552,717,86,66.73,65.16,65.91,57.47,55.19,8.33,47.07,10.41,34.19
2024-10-18,nasdaq,2822,1797,966,2566,1623,622,290,416,487,610,492,366,75,64.84,62.62,62.62,50.35,50.77,9.13,38.93,11.44,40.5
2024-10-18,r2000,1869,1331,520,1784,951,397,152,252,155,305,181,377,21,71.53,69.16,70.23,65.02,59.6,7.68,52.39,12.62,27.32
2024-10-18,scan,123,86,37,93,56,28,11,43,0,32,0,12,0,91.87,98.37,100.0,100.0,95.93,0.0,100.0,0.0,0.0
2024-10-18,sp500,499,349,148,481,376,27,39,41,7,72,8,227,4,73.35,75.95,79.36,82.46,73.75,7.46,76.81,5.65,10.08
2024-10-25,all,3962,1055,2838,2455,3317,519,527,454,600,903,462,238,152,42.78,48.79,49.55,53.7,45.15,9.91,44.94,8.75,36.4
2024-10-25,nasdaq,2832,862,1907,1837,2211,439,383,365,543,716,428,158,125,45.94,49.84,49.98,47.92,44.13,9.84,37.93,9.99,42.25
2024-10-25,r2000,1870,396,1456,1057,1604,210,320,180,212,376,137,91,77,40.47,47.28,48.36,60.22,46.42,9.16,49.7,10.48,30.66
2024-10-25,scan,89,44,45,53,60,21,8,31,1,53,0,4,0,82.02,100.0,100.0,100.0,96.63,0.0,100.0,0.0,0.0
2024-10-25,sp500,499,99,399,286,509,33,44,45,7,98,6,60,3,42.48,56.11,59.12,75.0,57.31,12.3,71.17,3.83,12.7
2024-11-01,all,3967,1665,2229,3470,3762,787,590,501,551,699,648,249,239,39.3,44.93,46.43,52.78,40.96,10.91,44.39,8.38,36.33
2024-11-01,nasdaq,2837,1232,1540,2385,2353,617,467,423,499,582,550,170,186,42.21,46.8,47.83,47.03,42.66,10.98,37.49,9.53,42.0
2024-11-01,r2000,1871,886,963,1738,1828,423,332,215,181,288,234,134,112,40.72,46.25,46.74,59.12,41.35,10.97,49.37,9.71,29.95
2024-11-01,scan,105,81,24,106,80,43,8,45,0,48,0,14,0,85.71,100.0,100.0,100.0,97.14,0.0,100.0,0.0,0.0
2024-11-01,sp500,499,181,318,560,752,55,51,33,8,56,26,53,9,35.07,48.1,52.3,72.58,46.89,13.91,68.95,3.63,13.51
2024-11-08,all,3968,2865,1057,6273,3576,1935,555,992,372,1130,541,1061,199,62.81,62.68,63.89,59.09,51.83,8.43,47.73,11.33,32.51
2024-11-08,nasdaq,2838,1925,870,4117,2441,1351,431,760,345,877,462,632,163,59.86,60.71,62.1,52.8,50.88,8.82,40.69,12.06,38.42
2024-11-08,r2000,1871,1547,314,3653,1839,1204,287,497,98,580,177,609,65,73.46,71.85,72.72,68.75,59.46,7.46,54.25,14.43,23.86
2024-11-08,scan,124,116,8,201,106,84,10,52,0,42,0,34,0,95.16,100.0,100.0,100.0,95.16,0.0,100.0,0.0,0.0
2024-11-08,sp500,499,404,95,910,508,206,41,106,6,103,23,257,15,66.33,66.33,68.34,77.42,56.91,9.27,72.38,5.04,13.31
2024-11-15,all,3973,1139,2790,3683,5599,670,1057,686,499,850,938,564,431,46.09,48.57,49.66,52.69,50.22,11.72,45.25,7.51,35.53
2024-11-15,nasdaq,2843,778,2028,2571,4002,551,885,536,459,643,802,347,371,41.84,45.47,46.76,46.15,47.8,11.83,38.41,7.82,41.94
2024-11-15,r2000,1871,519,1342,1823,2960,329,571,327,154,445,324,301,154,53.5,55.65,57.04,62.04,58.65,10.58,52.74,9.27,27.41
2024-11-15,scan,123,43,80,81,164,16,30,35,0,50,0,8,0,96.75,100.0,100.0,100.0,100.0,0.0,100.0,0.0,0.0
2024-11-15,sp500,499,184,312,534,718,28,68,65,11,86,54,138,37,57.52,57.92,58.32,71.57,58.52,13.71,68.15,3.43,14.72
2024-11-22,all,3973,2897,1023,4440,2712,1000,394,814,510,1217,775,632,310,59.52,57.16,56.67,56.32,47.61,9.58,47.57,8.87,33.98
2024-11-22,nasdaq,2843,1950,853,3055,2066,781,347,611,475,897,687,312,268,53.33,52.67,52.18,49.04,44.0,10.23,40.03,9.11,40.62
2024-11-22,r2000,1871,1483,369,2230,1237,548,170,413,139,676,248,350,124,67.77,65.92,65.45,66.56,55.92,7.84,56.38,10.19,25.59
2024-11-22,scan,125,109,15,153,67,46,2,50,0,73,0,11,0,93.6,98.4,100.0,100.0,96.8,0.0,100.0,0.0,0.0
2024-11-22,sp500,499,435,64,663,336,57,18,84,9,131,29,168,14,75.55,66.53,66.73,75.81,58.12,10.08,69.96,5.85,14.11
2024-11-29,all,3979,2616,1286,3342,1896,803,198,828,449,1231,658,545,95,69.78,64.81,63.74,59.19,52.99,7.63,48.97,10.32,33.08
2024-11-29,nasdaq,2849,1805,977,2275,1361,658,164,642,418,916,579,289,90,64.26,59.89,59.47,52.14,48.59,8.03,41.5,10.75,39.72
2024-11-29,r2000,1871,1242,613,1711,893,413,76,402,124,658,215,294,16,76.38,73.5,71.74,68.98,61.84,6.19,57.26,11.73,24.82
2024-11-29,scan,155,93,61,91,64,34,9,55,0,74,0,8,0,91.61,98.06,100.0,100.0,97.42,0.0,100.0,0.0,0.0
2024-11-29,sp500,499,376,120,487,236,33,22,80,7,114,27,144,2,85.37,75.15,73.95,79.03,63.53,8.06,71.98,7.06,12.9
2024-12-06,all,3986,1572,2348,3554,3788,888,637,920,427,1034,807,409,173,54.6,58.81,59.25,58.31,54.86,7.64,49.26,9.11,33.98
2024-12-06,nasdaq,2856,1228,1569,2630,2596,757,520,709,397,808,690,285,143,54.67,56.42,56.77,52.05,51.18,7.49,42.14,9.98,40.39
2024-12-06,r2000,1872,709,1142,1726,1858,390,355,439,122,512,289,181,49,57.4,65.28,66.94,67.72,63.07,6.85,57.34,10.41,25.41
2024-12-06,scan,121,66,55,119,90,38,23,69,0,59,0,5,0,85.12,99.17,100.0,100.0,99.17,0.0,100.0,0.0,0.0
2024-12-06,sp500,499,160,338,421,534,47,25,89,5,83,33,93,11,51.7,62.53,62.12,75.6,61.72,9.88,70.56,5.04,14.52
2024-12-13,all,3990,1259,2680,3451,4124,661,696,849,484,1124,803,252,279,39.84,50.08,52.14,56.59,48.21,8.58,47.81,8.86,34.75
2024-12-13,nasdaq,2859,951,1867,2434,2729,558,579,668,455,869,727,198,240,42.6,49.11,50.78,50.85,47.51,8.03,41.21,9.74,41.02
2024-12-13,r2000,1873,591,1262,1748,2041,302,356,406,139,613,268,140,107,38.96,56.39,59.12,65.59,55.9,7.66,56.49,9.14,26.71
2024-12-13,scan,86,40,46,92,92,24,20,58,0,58,1,8,0,76.74,98.84,100.0,100.0,97.67,0.0,100.0,0.0,0.0
2024-12-13,sp500,499,109,389,434,662,33,56,72,6,74,21,28,18,31.66,47.29,51.3,70.36,41.08,13.31,65.32,5.04,16.33
2024-12-20,all,3997,850,3108,4578,6581,807,1356,605,626,835,904,157,596,21.18,30.9,33.39,49.97,26.33,12.61,43.3,6.71,37.38
2024-12-20,nasdaq,2866,729,2100,3108,4056,704,979,505,560,684,789,132,432,25.2,33.91,35.6,46.94,29.01,9.81,39.12,7.88,43.19
2024-12-20,r2000,1874,315,1554,2303,3614,395,785,253,222,397,327,67,236,17.32,29.02,32.85,56.99,25.2,13.29,50.33,6.62,29.76
2024-12-20,scan,94,48,45,169,92,42,22,54,0,76,0,4,0,71.28,100.0,100.0,100.0,92.55,0.0,100.0,0.0,0.0
2024-12-20,sp500,499,65,434,788,1068,25,115,42,13,57,30,20,72,11.62,23.85,28.66,60.89,19.24,19.56,57.26,3.63,19.56
2024-12-27,all,4000,2208,1721,1653,1509,614,193,683,524,658,1045,128,105,28.27,34.23,36.92,51.23,26.67,11.39,43.38,7.88,37.36
2024-12-27,nasdaq,2869,1620,1190,1331,1096,563,178,573,469,575,855,97,76,33.61,38.7,40.86,48.78,29.94,8.65,39.39,9.42,42.54
2024-12-27,r2000,1874,924,928,695,786,261,87,305,174,252,451,69,52,20.95,29.18,33.12,56.99,24.18,12.45,49.59,7.37,30.58
2024-12-27,scan,94,64,28,16,11,15,6,52,0,52,0,1,0,68.09,98.94,100.0,100.0,96.81,0.0,100.0,0.0,0.0
2024-12-27,sp500,499,293,205,55,66,1,3,36,10,29,53,6,2,14.83,23.65,29.26,61.9,18.64,17.54,57.46,4.44,20.56
2025-01-03,all,4007,2322,1619,2492,1873,813,288,739,478,733,744,122,102,43.7,39.34,41.5,53.58,27.24,10.02,43.92,9.66,36.4
2025-01-03,nasdaq,2876,1701,1120,1847,1426,697,260,621,414,644,613,94,65,49.05,44.5,45.28,51.44,31.12,7.91,39.82,11.6,40.67
2025-01-03,r2000,1876,1069,779,1217,918,349,138,324,163,266,336,61,57,37.07,33.78,37.33,58.79,23.9,10.54,50.14,8.63,30.69
2025-01-03,scan,108,89,19,45,14,34,5,65,0,43,0,2,0,81.48,95.37,100.0,100.0,75.93,0.0,100.0,0.0,0.0
2025-01-03,sp500,499,214,284,114,113,25,5,39,16,20,33,1,15,24.65,21.04,27.05,59.68,13.63,16.94,55.85,3.83,23.39
2025-01-10,all,4009,823,3152,2141,3596,523,770,627,572,699,896,119,254,28.48,28.82,30.1,46.1,27.22,14.78,38.67,7.4,39.14
2025-01-10,nasdaq,2878,613,2232,1518,2333,452,628,533,505,627,699,95,152,31.18,32.99,33.7,44.64,31.34,12.0,35.86,8.79,43.35
2025-01-10,r2000,1876,295,1575,935,1928,230,422,255,193,239,456,45,145,22.16,23.04,24.59,48.58,21.86,18.24,42.05,6.5,33.21
2025-01-10,scan,67,42,25,86,67,28,10,32,0,35,0,8,0,86.57,97.01,100.0,100.0,97.01,0.0,100.0,0.0,0.0
2025-01-10,sp500,499,126,373,323,547,20,52,28,16,23,39,12,41,21.44,16.63,18.84,54.82,14.83,19.15,50.4,4.23,26.21
2025-01-17,all,4015,2751,1213,3789,2131,907,509,643,557,576,889,201,209,57.16,40.8,40.65,52.83,25.15,8.42,43.19,9.68,38.71
2025-01-17,nasdaq,2883,1754,1085,2329,1584,721,448,536,508,518,739,106,185,50.72,39.82,40.24,48.97,26.57,7.49,39.09,9.97,43.45
2025-01-17,r2000,1877,1428,433,1876,983,448,260,276,200,187,425,92,92,58.96,36.83,37.09,58.02,21.54,9.23,48.5,9.5,32.77
2025-01-17,scan,104,91,12,118,43,43,4,52,0,27,0,19,0,87.5,97.12,100.0,100.0,91.35,0.0,100.0,0.0,0.0
2025-01-17,sp500,499,444,55,815,265,64,15,29,10,21,27,54,13,74.95,46.69,43.89,63.93,20.64,10.48,55.04,8.67,25.81
2025-01-24,all,4018,2375,1591,2923,2029,778,305,665,600,583,849,313,120,60.15,47.04,46.96,54.21,32.17,8.79,43.51,10.75,36.95
2025-01-24,nasdaq,2886,1697,1148,1968,1357,650,254,546,537,497,715,169,101,55.39,45.41,46.25,50.7,32.37,7.75,39.7,11.11,41.44
2025-01-24,r2000,1877,1140,718,1398,945,363,136,287,212,214,374,133,33,63.61,44.58,44.09,60.01,29.24,9.33,49.02,11.03,30.62
2025-01-24,scan,135,105,30,100,70,49,8,66,0,42,0,29,0,91.85,97.78,100.0,100.0,97.04,0.0,100.0,0.0,0.0
2025-01-24,sp500,499,335,164,531,367,48,23,43,10,28,29,97,3,79.96,59.52,54.91,65.13,33.87,11.49,55.04,9.88,23.59
2025-01-31,all,4023,1681,2278,3164,3114,647,761,687,594,503,919,260,223,53.36,46.91,44.35,53.12,34.78,8.6,44.19,9.02,38.18
2025-01-31,nasdaq,2891,1134,1707,2051,1963,509,580,568,547,434,799,139,184,48.19,43.9,42.84,49.14,33.66,7.71,40.0,9.3,42.99
2025-01-31,r2000,1878,838,1011,1590,1547,298,362,313,181,195,378,110,77,59.01,47.7,43.4,58.7,33.62,9.28,49.56,9.17,31.99
2025-01-31,scan,153,88,62,148,120,37,16,76,0,46,0,31,0,94.77,100.0,100.0,100.0,98.69,0.0,100.0,0.0,0.0
2025-01-31,sp500,499,275,222,639,646,55,98,39,10,25,19,80,8,70.54,60.72,53.11,65.73,41.68,10.89,56.85,8.67,23.59
2025-02-07,all,4035,1804,2172,3018,3106,812,673,665,587,623,832,330,333,48.58,48.21,43.37,52.26,37.13,10.53,44.07,8.31,37.1
2025-02-07,nasdaq,2901,1287,1564,2055,1959,687,528,554,536,534,707,229,250,46.58,45.35,42.11,49.21,35.54,9.1,40.03,9.36,41.5
2025-02-07,r2000,1881,866,998,1463,1571,376,360,289,194,225,363,142,129,51.33,49.6,42.54,57.06,36.83,11.95,49.18,7.91,30.95
2025-02-07,scan,134,91,43,149,87,48,8,65,0,48,1,26,0,94.78,99.25,100.0,100.0,100.0,0.0,100.0,0.0,0.0
2025-02-07,sp500,499,241,258,538,613,44,50,42,9,40,25,89,33,56.51,60.52,52.91,62.93,46.29,14.89,57.34,5.43,22.33
2025-02-14,all,4045,2114,1863,3294,2883,811,601,535,646,779,733,354,347,47.55,51.2,47.46,53.21,39.01,11.08,45.06,8.19,35.67
2025-02-14,nasdaq,2909,1505,1346,2249,1873,668,492,472,580,637,641,241,272,47.87,48.93,45.9,49.96,36.65,9.71,40.91,9.12,40.25
2025-02-14,r2000,1885,1012,854,1593,1397,389,287,191,242,313,271,147,165,49.55,54.43,48.77,58.58,40.71,12.28,50.98,7.59,29.15
2025-02-14,scan,127,87,40,131,83,42,15,38,0,57,0,19,0,88.98,100.0,100.0,100.0,92.91,0.0,100.0,0.0,0.0
2025-02-14,sp500,500,273,226,530,508,50,43,21,12,64,24,90,27,49.5,61.52,57.31,63.13,49.7,16.03,58.12,5.01,20.84
2025-02-21,all,4053,1160,2818,2478,3570,524,860,482,631,624,982,229,255,33.02,39.38,39.18,48.29,38.53,14.61,42.38,5.99,37.01
2025-02-21,nasdaq,2915,795,2055,1599,2368,430,646,426,557,518,831,134,194,32.21,37.36,37.54,46.1,36.46,12.23,39.13,7.05,41.59
2025-02-21,r2000,1888,426,1437,1115,1898,242,480,172,235,220,398,100,124,28.72,38.74,37.64,51.12,39.3,17.79,46.48,4.69,31.04
2025-02-21,scan,86,39,47,108,137,28,26,24,0,53,0,7,0,93.02,100.0,100.0,100.0,100.0,0.0,100.0,0.0,0.0
2025-02-21,sp500,500,223,275,494,545,36,77,16,7,71,28,57,9,43.89,53.11,53.71,61.92,51.7,17.84,57.52,4.41,20.24
2025-02-28,all,4060,1526,2482,4118,4262,536,1057,388,724,515,1238,151,677,30.68,34.99,36.73,45.85,29.27,14.97,41.22,4.69,39.11
2025-02-28,nasdaq,2921,933,1941,2447,2894,419,869,347,626,393,1063,75,559,26.86,31.43,33.25,42.38,26.02,13.73,37.28,5.14,43.85
2025-02-28,r2000,1889,777,1098,2131,2318,260,534,142,285,225,490,48,315,29.41,36.64,37.3,49.59,28.82,16.97,45.77,3.87,33.39
2025-02-28,scan,99,56,43,148,91,29,7,20,1,50,0,5,0,72.73,100.0,100.0,100.0,89.9,0.0,100.0,0.0,0.0
2025-02-28,sp500,500,297,203,915,598,36,74,8,17,71,40,75,13,50.9,52.3,54.51,61.92,45.09,16.43,57.52,4.41,21.64
2025-03-07,all,4064,1220,2793,3677,5542,694,1196,254,1014,408,1449,116,740,26.26,27.29,28.42,39.46,21.25,18.42,35.07,4.39,42.11
2025-03-07,nasdaq,2925,889,1988,2309,3407,548,880,239,842,345,1151,63,559,24.02,24.95,25.58,36.7,19.14,16.37,31.98,4.73,46.92
2025-03-07,r2000,1890,485,1386,1886,3022,346,622,73,436,138,631,38,373,22.57,24.52,25.88,41.26,18.84,21.74,37.66,3.6,37.0
2025-03-07,scan,62,30,31,114,82,23,6,14,1,35,0,1,0,75.81,100.0,100.0,100.0,93.55,0.0,100.0,0.0,0.0
2025-03-07,sp500,500,176,324,719,1058,44,144,3,33,44,77,52,39,40.88,43.89,45.69,54.31,35.07,22.04,49.5,4.81,23.65
2025-03-14,all,4070,1237,2777,3539,5242,794,1223,249,1082,292,1741,63,595,24.1,21.89,23.7,34.33,15.58,21.03,30.2,4.1,44.66
2025-03-14,nasdaq,2931,934,1943,2260,3141,647,939,234,908,252,1354,46,461,23.95,21.02,22.52,33.16,14.58,17.9,28.29,4.87,48.94
2025-03-14,r2000,1890,537,1341,1904,2861,401,636,67,461,105,785,22,287,20.94,18.38,20.8,34.96,12.48,24.8,31.88,3.0,40.33
2025-03-14,scan,59,34,25,74,72,22,5,9,1,22,0,1,0,81.36,100.0,100.0,100.0,86.44,0.0,100.0,0.0,0.0
2025-03-14,sp500,500,129,371,629,1029,48,132,0,38,22,125,14,47,27.2,30.46,32.46,42.08,25.05,30.06,39.88,2.2,27.86
2025-03-21,all,4070,2229,1772,3649,3628,744,503,281,963,326,1554,96,206,35.81,25.21,25.99,35.55,19.16,18.2,30.87,4.67,46.26
2025-03-21,nasdaq,2931,1592,1279,2387,2252,618,422,260,804,280,1224,66,175,37.41,24.97,25.05,34.37,18.24,15.15,28.94,5.45,50.46
2025-03-21,r2000,1890,1003,869,1999,2083,357,255,91,423,117,714,41,83,31.45,20.78,22.81,35.82,15.99,22.13,32.04,3.71,42.13
2025-03-21,scan,63,49,14,96,71,22,7,12,0,17,0,9,0,90.48,98.41,100.0,100.0,90.48,0.0,100.0,0.0,0.0
2025-03-21,sp500,500,300,199,541,575,40,20,2,26,21,104,22,6,34.0,31.86,33.47,44.09,27.45,26.65,42.08,2.0,29.26
2025-03-28,all,4076,1291,2741,2267,2638,468,896,263,975,257,1741,92,474,31.58,22.68,22.34,31.94,19.18,20.07,28.16,3.73,48.03
2025-03-28,nasdaq,2937,830,2069,1558,1890,402,750,237,844,211,1398,54,402,30.33,21.19,20.78,30.37,18.04,17.35,26.09,4.27,52.28
2025-03-28,r2000,1890,652,1222,1186,1291,208,443,86,396,94,765,40,192,31.02,19.89,19.71,32.12,16.78,24.12,29.23,2.83,43.82
2025-03-28,scan,50,30,19,49,48,5,7,14,0,17,0,2,0,96.0,96.0,100.0,100.0,100.0,0.0,100.0,0.0,0.0
2025-03-28,sp500,500,209,290,288,290,16,63,5,31,21,117,27,17,36.4,33.87,33.87,42.69,29.46,26.45,39.88,2.81,30.86
2025-04-04,all,4086,350,3699,2647,6486,454,3328,148,1533,125,2708,100,1899,8.46,8.84,9.26,17.25,12.17,32.44,15.57,1.61,50.39
2025-04-04,nasdaq,2945,296,2616,1694,4299,365,2161,138,1261,111,2058,46,1405,9.7,9.51,9.46,17.62,11.4,27.58,15.65,1.93,54.83
2025-04-04,r2000,1892,111,1775,1386,3552,203,1790,41,675,34,1261,29,949,6.93,7.54,7.57,15.72,9.96,38.65,14.53,0.98,45.84
2025-04-04,scan,12,9,3,41,50,9,8,2,0,3,0,2,0,100.0,100.0,100.0,100.0,100.0,0.0,100.0,0.0,0.0
2025-04-04,sp500,500,20,480,464,970,25,601,2,65,9,264,49,205,5.4,8.22,11.22,23.05,20.64,44.29,21.84,1.2,32.67
2025-04-11,all,4094,2204,1829,5346,6287,2311,755,145,1564,186,2331,23,952,17.47,14.56,12.92,19.15,7.03,29.83,17.24,1.86,51.06
2025-04-11,nasdaq,2953,1568,1333,3473,3845,1558,553,130,1299,157,1793,20,645,18.8,15.02,12.96,19.4,7.43,25.5,17.07,2.26,55.16
2025-04-11,r2000,1892,942,926,2722,3428,1224,419,50,647,72,1093,15,446,14.44,11.98,10.59,16.8,5.37,37.36,15.06,1.63,45.95
2025-04-11,scan,61,53,8,87,22,29,0,6,0,14,0,2,0,85.25,98.36,100.0,100.0,70.49,0.0,100.0,0.0,0.0
2025-04-11,sp500,500,385,114,990,1111,388,38,5,56,10,195,0,97,21.2,19.4,18.64,29.26,8.82,35.07,28.26,1.0,35.67
2025-04-17,all,4096,2420,1593,2410,1472,609,352,208,1354,236,2084,51,169,27.41,20.7,17.17,21.63,10.38,26.11,18.97,2.64,52.29
2025-04-17,nasdaq,2955,1687,1192,1660,1048,529,290,186,1107,212,1572,40,148,29.76,21.74,17.58,21.54,10.55,22.63,18.55,2.95,55.87
2025-04-17,r2000,1892,1203,671,1295,678,296,165,76,568,82,967,27,63,24.23,17.74,14.46,19.92,7.97,32.39,17.61,2.23,47.77
2025-04-17,scan,74,62,12,61,23,8,1,16,0,15,0,4,0,82.43,97.3,100.0,100.0,83.78,0.0,100.0,0.0,0.0
2025-04-17,sp500,500,284,216,255,202,15,26,9,55,6,197,4,4,27.4,25.0,23.85,31.66,16.23,31.06,29.06,2.61,37.27
2025-04-25,all,4102,3141,903,3213,1791,1294,449,205,1299,403,1294,77,135,69.45,39.68,30.8,26.34,15.5,20.18,22.35,3.93,53.54
2025-04-25,nasdaq,2961,2261,649,2289,1238,1052,349,189,1051,351,1016,62,116,69.99,42.21,32.73,26.2,16.4,17.21,21.75,4.37,56.68
2025-04-25,r2000,1893,1517,357,1580,854,617,205,69,545,157,558,41,48,69.84,36.53,27.48,24.28,12.89,26.04,21.38,2.82,49.76
2025-04-25,scan,81,61,20,69,46,18,2,12,1,36,0,9,0,98.77,100.0,100.0,100.0,97.53,0.0,100.0,0.0,0.0
2025-04-25,sp500,500,374,126,409,264,114,48,6,53,20,86,11,6,70.4,42.0,34.4,35.87,19.4,25.45,32.06,3.81,38.68
2025-05-02,all,4104,2845,1202,3163,2017,944,441,228,1108,553,935,108,109,82.33,57.62,48.74,31.32,26.49,15.36,25.43,5.86,53.34
2025-05-02,nasdaq,2963,1944,974,2191,1436,793,333,209,914,471,788,78,92,79.63,57.36,49.25,30.92,28.46,13.55,24.56,6.32,55.56
2025-05-02,r2000,1893,1410,457,1578,965,468,219,84,462,227,356,42,46,86.63,58.99,48.73,29.75,23.94,19.84,25.15,4.61,50.41
2025-05-02,scan,128,113,15,97,47,34,11,15,1,42,1,27,0,100.0,100.0,100.0,100.0,99.22,0.0,100.0,0.0,0.0
2025-05-02,sp500,500,416,83,459,266,55,36,5,34,40,36,30,5,90.2,68.2,58.8,44.89,29.4,17.03,38.08,6.81,38.08
2025-05-09,all,4109,1998,2047,3007,2686,968,853,211,1164,543,1052,148,250,68.55,58.48,52.66,32.43,38.18,15.44,25.84,6.61,52.12
2025-05-09,nasdaq,2966,1358,1555,2163,2011,755,702,191,984,455,895,86,198,65.23,55.99,51.04,31.38,39.23,13.88,24.7,6.68,54.74
2025-05-09,r2000,1896,970,906,1632,1403,551,493,75,479,250,404,75,118,72.25,61.11,54.26,32.34,36.26,18.86,25.53,6.83,48.78
2025-05-09,scan,157,111,46,115,73,36,21,11,5,26,1,10,0,98.73,100.0,100.0,100.0,100.0,0.0,100.0,0.0,0.0
2025-05-09,sp500,500,277,221,297,245,43,48,5,32,34,47,33,9,77.4,69.0,64.6,45.29,47.4,18.64,38.48,6.81,36.07
2025-05-16,all,4115,3018,1052,4382,2737,1719,505,273,900,974,677,228,131,72.57,71.51,66.79,40.45,53.1,11.14,29.93,10.57,48.36
2025-05-16,nasdaq,2972,2048,880,3165,2056,1288,416,236,792,768,596,146,119,67.88,67.88,62.99,38.35,51.69,10.41,28.1,10.3,51.2
2025-05-16,r2000,1896,1531,354,2220,1212,811,238,118,336,421,236,110,38,78.45,76.61,72.12,41.05,55.24,13.37,29.78,11.26,45.59
2025-05-16,scan,163,138,24,181,70,69,15,7,6,39,0,9,0,95.09,100.0,100.0,100.0,98.16,0.0,100.0,0.0,0.0
2025-05-16,sp500,500,450,50,545,297,216,36,6,12,115,20,58,8,87.4,84.2,81.6,60.52,65.6,10.02,47.7,12.83,29.46
2025-05-23,all,4119,1059,2997,2060,2623,609,798,261,1002,1675,403,133,157,46.41,61.87,55.43,34.07,55.77,15.47,27.73,6.36,50.44
2025-05-23,nasdaq,2975,928,1989,1661,1914,558,572,233,858,1289,354,97,122,47.27,61.76,55.41,33.56,54.11,13.64,26.67,6.88,52.8
2025-05-23,r2000,1897,352,1532,909,1285,267,448,102,402,712,132,54,58,42.16,62.65,55.4,32.63,58.68,18.33,26.45,6.22,49.0
2025-05-23,scan,129,48,81,71,73,23,20,14,6,114,0,4,0,92.25,100.0,100.0,100.0,99.22,0.0,100.0,0.0,0.0
2025-05-23,sp500,500,71,429,141,271,11,59,6,25,218,7,33,3,53.8,70.0,64.8,48.3,68.2,19.64,43.09,5.21,32.06
2025-05-30,all,4119,2517,1529,2688,2189,812,387,344,795,1805,352,173,105,49.66,66.89,60.79,36.61,55.77,14.9,29.55,7.05,48.49
2025-05-30,nasdaq,2975,1659,1248,1882,1603,664,333,296,697,1369,318,105,100,48.57,64.41,58.89,35.26,54.15,14.04,28.08,7.16,50.72
2025-05-30,r2000,1897,1290,585,1248,1003,416,168,147,279,829,100,76,33,48.49,70.77,63.02,35.42,58.47,16.87,28.72,6.65,47.76
2025-05-30,scan,125,86,39,79,65,22,12,18,3,96,0,2,0,86.4,100.0,100.0,100.0,99.2,0.0,100.0,0.0,0.0
2025-05-30,sp500,500,392,108,411,292,32,17,14,17,203,6,47,2,60.8,78.4,73.6,53.31,68.2,16.83,46.69,6.61,29.86
2025-06-06,all,4121,2822,1246,3363,2181,1186,361,527,536,1760,382,237,79,60.5,69.98,69.58,39.8,57.41,14.11,32.15,7.61,46.13
2025-06-06,nasdaq,2977,2029,903,2577,1640,1000,312,443,494,1339,349,153,71,59.44,68.2,67.93,39.13,55.87,12.78,30.99,8.09,48.14
2025-06-06,r2000,1897,1370,514,1706,1098,605,171,235,141,795,102,103,21,62.5,74.26,73.92,38.65,59.21,16.41,31.53,7.07,44.98
2025-06-06,scan,124,105,17,112,50,45,6,22,0,83,0,3,0,76.61,100.0,100.0,100.0,92.74,0.0,100.0,0.0,0.0
2025-06-06,sp500,500,337,160,233,187,36,15,29,6,205,6,69,2,64.6,77.4,76.0,54.31,66.8,17.23,47.9,6.41,28.46
2025-06-13,all,4128,1346,2722,2776,3066,809,761,575,521,1174,606,196,130,42.14,55.06,62.21,37.52,59.06,16.56,30.44,7.01,46.0
2025-06-13,nasdaq,2982,932,2006,2041,2307,664,610,478,479,898,536,124,109,41.49,52.77,59.35,36.4,56.33,15.55,29.44,6.85,48.16
2025-06-13,r2000,1901,583,1293,1364,1512,367,385,248,144,513,189,101,32,41.46,55.81,64.38,35.09,61.52,19.69,28.69,6.36,45.25
2025-06-13,scan,85,38,46,59,58,20,19,25,1,46,0,2,0,87.06,100.0,100.0,100.0,100.0,0.0,100.0,0.0,0.0
2025-06-13,sp500,500,177,322,242,272,26,37,43,3,115,10,34,5,42.4,64.8,75.0,52.1,69.2,21.24,45.29,6.81,26.65
2025-06-20,all,4133,1929,2148,3170,3172,712,530,552,567,1110,617,157,162,42.8,49.73,57.53,37.65,49.39,15.79,30.59,7.0,46.62
2025-06-20,nasdaq,2987,1364,1576,2154,2162,601,446,456,519,854,558,112,136,40.77,47.75,54.83,36.47,47.3,15.09,29.68,6.7,48.52
2025-06-20,r2000,1903,883,997,1605,1709,304,264,226,162,476,200,76,53,41.8,49.76,58.3,35.42,49.15,18.34,28.8,6.58,46.28
2025-06-20,scan,88,64,24,75,66,33,10,28,1,53,0,4,0,85.23,100.0,100.0,100.0,96.59,0.0,100.0,0.0,0.0
2025-06-20,sp500,500,247,252,465,406,32,19,39,6,110,10,29,4,49.4,55.6,68.6,51.9,57.0,20.24,44.89,7.01,27.86
2025-06-27,all,4142,2768,1331,5221,3508,960,590,582,557,1111,543,352,127,57.76,60.65,63.82,42.87,53.47,11.79,34.03,8.87,45.31
2025-06-27,nasdaq,2996,1905,1054,3501,2457,821,517,482,511,888,491,224,112,54.12,57.31,60.24,41.32,50.46,11.59,32.9,8.46,47.05
2025-06-27,r2000,1905,1396,491,2783,1816,438,260,242,150,478,152,165,22,63.52,66.19,69.77,43.02,57.19,12.78,33.53,9.49,44.2
2025-06-27,scan,135,111,24,169,97,63,5,36,0,72,0,3,0,86.67,94.81,100.0,100.0,91.85,0.0,100.0,0.0,0.0
2025-06-27,sp500,500,392,108,739,384,42,15,41,2,105,13,91,9,69.6,70.8,74.4,58.52,64.0,12.22,49.7,8.82,29.26
2025-07-03,all,4149,3135,957,3856,1815,872,231,976,362,1152,486,439,64,72.0,70.73,70.99,50.15,59.53,8.24,36.52,13.67,41.57
2025-07-03,nasdaq,3003,2177,772,2549,1233,670,193,803,335,950,439,247,59,67.99,67.06,67.17,48.18,55.39,8.08,35.5,12.72,43.69
2025-07-03,r2000,1906,1577,319,2126,906,427,79,409,81,505,115,231,6,79.7,78.19,78.55,52.48,65.72,8.52,36.77,15.8,38.92
2025-07-03,scan,135,98,37,117,75,26,11,74,1,59,0,0,0,86.67,99.26,100.0,100.0,96.3,0.0,100.0,0.0,0.0
2025-07-03,sp500,500,415,84,511,212,49,22,83,2,76,7,119,4,82.8,81.2,81.2,67.13,73.2,8.02,51.1,16.03,24.85
2025-07-11,all,4155,1885,2211,3368,2885,1033,662,1615,252,1314,426,276,69,67.54,67.04,68.35,49.92,62.23,9.0,36.89,13.02,41.08
2025-07-11,nasdaq,3009,1378,1577,2437,1949,890,563,1236,242,1017,389,179,61,65.19,64.56,65.78,48.11,58.99,9.3,35.94,12.14,42.62
2025-07-11,r2000,1906,777,1116,1681,1500,470,364,725,42,594,108,122,20,72.38,71.94,73.59,50.32,69.73,9.97,36.55,13.85,39.62
2025-07-11,scan,112,63,47,96,85,31,15,88,0,63,0,3,0,88.39,99.11,100.0,100.0,98.21,0.0,100.0,0.0,0.0
2025-07-11,sp500,500,217,282,295,369,33,25,180,2,121,11,52,4,69.6,70.4,71.4,65.93,69.2,8.62,50.9,15.03,25.45
2025-07-18,all,4163,1973,2126,3542,3025,969,600,1413,271,1162,440,325,106,57.64,63.11,63.77,49.64,58.58,9.05,38.1,11.5,41.35
2025-07-18,nasdaq,3017,1505,1451,2525,1990,846,461,1119,258,940,405,187,79,59.07,62.18,62.78,48.79,56.61,9.14,37.33,11.4,42.13
2025-07-18,r2000,1908,815,1073,1743,1550,405,310,625,49,484,124,156,53,55.7,64.82,65.84,49.33,63.31,10.08,38.11,11.27,40.54
2025-07-18,scan,127,89,37,106,67,53,14,88,0,62,1,7,0,88.98,100.0,100.0,100.0,98.43,0.0,100.0,0.0,0.0
2025-07-18,sp500,500,260,240,421,394,37,25,137,3,99,8,83,14,60.8,68.6,70.6,63.93,63.0,8.82,51.5,12.42,27.25
2025-07-25,all,4170,2511,1592,3591,2601,1197,500,1446,257,1284,421,336,69,59.48,66.81,67.31,51.79,60.33,9.5,38.78,13.05,38.68
2025-07-25,nasdaq,3023,1694,1269,2446,1850,936,400,1111,243,990,389,181,59,57.84,64.74,64.93,50.14,58.13,10.13,37.74,12.39,39.74
2025-07-25,r2000,1910,1199,691,1740,1202,603,215,626,43,583,121,130,24,58.79,69.37,70.52,51.39,64.19,11.11,38.81,12.67,37.41
2025-07-25,scan,132,76,56,99,85,39,13,96,1,71,1,10,0,84.09,100.0,100.0,100.0,97.73,0.0,100.0,0.0,0.0
2025-07-25,sp500,500,378,122,487,351,74,41,159,5,129,9,121,8,71.2,76.2,76.4,70.34,68.4,5.81,53.11,17.23,23.85
2025-08-01,all,4176,711,3429,2500,4988,565,1255,927,408,725,750,196,299,24.29,37.78,42.16,41.77,42.98,14.8,34.03,7.85,43.33
2025-08-01,nasdaq,3027,502,2493,1659,3147,478,972,752,372,595,649,138,223,23.27,36.68,40.54,39.89,41.28,15.85,32.66,7.32,44.18
2025-08-01,r2000,1912,273,1632,1147,2716,232,655,376,97,272,270,68,102,19.94,35.42,41.4,39.97,42.51,17.87,32.62,7.43,42.09
2025-08-01,scan,72,35,37,83,95,33,20,44,0,40,0,8,0,90.28,100.0,100.0,100.0,98.61,0.0,100.0,0.0,0.0
2025-08-01,sp500,500,113,387,449,863,45,87,93,10,71,22,62,46,37.6,48.8,52.4,58.52,54.8,11.22,47.9,10.62,30.26
2025-08-08,all,4181,2451,1680,3764,3047,1061,764,967,409,1023,694,264,235,36.43,44.09,46.95,44.8,36.61,12.4,34.7,10.23,42.67
2025-08-08,nasdaq,3031,1665,1322,2416,2071,834,599,777,378,802,586,161,178,32.92,41.18,43.8,42.69,33.95,13.09,33.7,9.09,44.12
2025-08-08,r2000,1915,1244,656,2117,1588,578,399,416,95,461,242,119,92,38.21,45.82,48.81,44.46,37.16,14.21,33.58,10.98,41.23
2025-08-08,scan,121,102,19,133,79,58,9,71,0,85,0,8,0,80.17,100.0,100.0,100.0,93.39,0.0,100.0,0.0,0.0
2025-08-08,sp500,500,319,181,527,433,44,58,93,11,98,30,67,29,50.2,56.6,59.0,61.52,47.8,9.02,48.9,12.63,29.46
2025-08-15,all,4187,2745,1394,4127,2852,1377,550,841,447,1066,665,439,149,49.77,51.6,54.19,50.06,44.33,10.09,36.28,13.95,39.68
2025-08-15,nasdaq,3036,1924,1070,2824,1983,1074,463,696,409,840,572,275,120,46.47,48.49,51.16,47.76,40.21,10.86,35.11,12.82,41.2
2025-08-15,r2000,1917,1430,472,2303,1453,774,217,371,102,506,218,246,42,58.07,57.02,59.46,53.02,50.4,10.14,37.04,16.1,36.71
2025-08-15,scan,130,98,31,121,82,61,9,53,0,66,1,17,0,86.15,99.23,100.0,100.0,96.15,0.0,100.0,0.0,0.0
2025-08-15,sp500,500,333,166,462,356,54,23,50,9,80,23,71,10,52.0,58.2,61.0,64.93,55.8,7.01,50.1,14.83,28.06
2025-08-22,all,4191,2990,1127,3336,1971,1520,504,894,418,1047,671,328,131,69.72,62.67,63.64,56.35,48.62,6.85,38.8,17.71,36.64
2025-08-22,nasdaq,3040,2005,966,2308,1468,1127,436,715,393,817,593,218,124,65.15,57.87,59.22,53.07,44.43,7.54,37.06,16.18,39.22
2025-08-22,r2000,1918,1578,326,1773,843,878,215,421,83,526,192,175,14,81.2,73.07,73.8,61.62,56.92,5.95,40.4,21.3,32.35
2025-08-22,scan,154,117,36,132,49,84,19,75,0,64,1,11,0,92.86,99.35,100.0,100.0,91.56,0.0,100.0,0.0,0.0
2025-08-22,sp500,500,406,94,373,247,70,21,55,7,64,20,45,1,78.0,71.8,73.0,73.15,57.6,3.81,53.91,19.24,23.05
2025-08-29,all,4197,1902,2222,2657,2122,702,364,954,392,912,765,442,82,67.19,60.12,61.18,56.08,53.89,6.28,38.94,17.22,37.57
2025-08-29,nasdaq,3046,1336,1648,1911,1516,629,328,753,366,708,684,254,76,62.48,55.19,56.89,52.87,49.67,6.91,37.16,15.78,40.14
2025-08-29,r2000,1919,897,992,1274,958,269,136,450,86,457,228,245,9,78.62,71.09,70.94,61.84,63.64,5.03,40.77,21.08,33.12
2025-08-29,scan,134,77,56,103,66,36,6,71,0,55,0,17,0,92.54,98.51,100.0,100.0,97.76,0.0,100.0,0.0,0.0
2025-08-29,sp500,500,204,296,287,304,21,18,60,5,58,19,80,5,68.0,64.0,65.6,69.94,57.6,3.61,52.91,17.03,26.45
2025-09-05,all,4199,1996,2125,2442,2154,708,475,933,454,995,839,314,145,61.82,59.34,59.42,57.16,52.34,6.07,39.18,18.03,36.72
2025-09-05,nasdaq,3048,1400,1579,1739,1506,595,384,731,426,744,743,211,130,58.49,55.26,55.31,53.57,47.63,6.73,37.46,16.15,39.66
2025-09-05,r2000,1919,994,899,1182,973,346,197,449,98,529,242,167,29,72.58,71.02,70.24,63.98,63.46,4.65,41.25,22.69,31.41
2025-09-05,scan,132,74,58,81,67,30,9,79,0,61,0,14,0,92.42,98.48,100.0,100.0,98.48,0.0,100.0,0.0,0.0
2025-09-05,sp500,500,225,275,292,337,23,30,59,5,71,26,53,7,55.8,58.8,60.6,69.34,53.6,4.41,51.9,17.43,26.25
2025-09-12,all,4206,2103,2036,3590,2943,1179,560,866,455,927,843,503,129,57.86,60.52,59.73,57.28,53.46,6.31,39.96,17.38,36.35
2025-09-12,nasdaq,3054,1570,1427,2636,2033,1007,451,703,419,741,724,314,100,57.26,57.89,56.91,54.13,49.92,6.95,38.39,15.81,38.85
2025-09-12,r2000,1921,792,1109,1526,1392,469,290,372,111,435,282,248,45,56.96,66.35,65.32,61.73,62.49,5.4,41.58,20.15,32.87
2025-09-12,scan,128,76,52,134,94,56,15,69,0,59,0,12,0,85.94,100.0,100.0,100.0,97.66,0.0,100.0,0.0,0.0
2025-09-12,sp500,500,258,241,448,432,46,23,54,7,53,42,99,7,55.0,60.4,62.2,68.54,53.8,5.21,50.9,17.64,26.25
2025-09-19,all,4214,2218,1923,4562,4719,1209,616,1085,379,1439,487,473,143,54.56,62.5,61.26,58.31,52.92,5.92,40.08,18.23,35.77
2025-09-19,nasdaq,3060,1692,1305,3272,3058,1053,501,873,351,1144,430,311,102,57.32,62.2,60.14,56.31,50.98,6.13,39.2,17.1,37.57
2025-09-19,r2000,1925,1027,876,2271,2558,549,309,499,90,707,143,217,55,51.3,66.86,66.4,63.03,59.38,4.92,40.78,22.23,32.07
2025-09-19,scan,135,108,27,210,134,69,7,77,1,88,0,15,0,91.11,99.26,100.0,100.0,96.3,0.0,100.0,0.0,0.0
2025-09-19,sp500,500,237,261,647,716,40,22,72,6,79,15,89,25,49.4,57.0,59.6,65.73,50.4,6.21,49.3,16.43,28.06
2025-09-26,all,4219,1710,2432,3183,3159,801,502,985,385,1216,454,347,176,48.3,57.65,57.32,57.66,49.4,5.82,39.13,18.57,36.48
2025-09-26,nasdaq,3065,1240,1760,2246,2188,695,429,807,350,1007,413,213,122,49.7,57.61,56.86,55.39,49.6,6.13,38.32,17.08,38.46
2025-09-26,r2000,1928,742,1154,1490,1514,343,213,459,89,559,106,160,75,44.76,59.23,60.06,62.63,50.73,4.65,39.12,23.52,32.71
2025-09-26,scan,145,76,69,112,111,38,18,84,0,86,0,18,0,90.34,100.0,100.0,100.0,95.86,0.0,100.0,0.0,0.0
2025-09-26,sp500,500,254,245,432,429,23,25,53,8,59,14,74,33,53.6,57.4,58.0,66.33,47.8,5.81,47.9,18.44,27.86
2025-10-03,all,4228,2311,1842,3779,3082,1151,516,915,395,1124,437,478,124,52.69,56.04,58.21,58.79,46.7,5.31,39.64,19.15,35.89
2025-10-03,nasdaq,3073,1681,1328,2664,2141,981,440,793,358,955,388,306,96,53.1,56.38,57.87,56.23,46.63,5.66,39.08,17.16,38.09
2025-10-03,r2000,1932,962,947,1769,1517,480,224,392,97,457,127,189,41,47.63,52.17,56.91,62.33,43.77,4.65,38.7,23.62,33.03
2025-10-03,scan,137,105,32,123,77,54,9,74,1,68,1,21,0,89.05,98.54,100.0,100.0,97.08,0.0,100.0,0.0,0.0
2025-10-03,sp500,500,311,189,504,448,68,23,42,8,63,13,134,14,61.8,60.8,62.2,69.14,52.2,4.81,49.7,19.44,26.05
2025-10-10,all,4236,1008,3171,3060,4441,1004,1417,705,543,824,850,372,284,29.96,38.11,40.87,50.28,42.37,8.88,37.21,13.06,40.86
2025-10-10,nasdaq,3080,829,2200,2382,3041,911,1088,631,470,737,656,262,181,33.12,41.72,44.0,49.63,44.8,8.65,36.66,12.97,41.72
2025-10-10,r2000,1934,385,1539,1331,2292,394,687,286,162,295,400,143,165,25.1,31.87,35.96,50.69,37.17,9.3,35.54,15.13,40.03
2025-10-10,scan,88,54,33,81,91,28,36,46,0,56,0,15,0,90.91,100.0,100.0,100.0,98.86,0.0,100.0,0.0,0.0
2025-10-10,sp500,500,88,412,302,520,26,118,26,12,37,35,70,21,29.2,36.6,39.2,58.72,44.6,9.22,47.49,11.22,32.06
2025-10-17,all,4241,2360,1826,3710,3068,1097,784,788,526,846,798,314,185,34.73,38.93,41.86,52.72,37.7,7.96,39.35,13.31,39.38
2025-10-17,nasdaq,3085,1581,1450,2586,2199,914,646,679,471,746,631,212,137,35.57,40.97,43.52,51.06,39.86,7.89,38.25,12.73,41.13
2025-10-17,r2000,1934,1199,718,1847,1470,529,367,354,138,326,344,161,70,32.28,35.56,38.9,54.08,34.88,7.96,38.51,15.49,38.03
2025-10-17,scan,153,130,22,139,90,64,17,83,0,83,0,16,0,80.39,98.04,100.0,100.0,96.08,0.0,100.0,0.0,0.0
2025-10-17,sp500,500,345,154,530,381,48,41,37,10,53,24,49,18,42.4,43.0,46.4,63.13,38.2,9.62,49.5,13.63,27.25
2025-10-24,all,4250,2856,1331,3082,2283,1108,740,821,539,965,617,265,114,53.15,49.96,50.88,57.79,38.35,6.07,41.69,16.17,36.07
2025-10-24,nasdaq,3094,1954,1081,2103,1636,916,639,689,482,823,508,150,97,50.28,49.9,51.07,56.01,39.35,5.91,40.34,15.75,38.0
2025-10-24,r2000,1934,1517,404,1587,1037,556,320,392,138,389,233,146,29,63.61,53.1,53.47,62.31,38.29,5.18,42.34,19.97,32.51
2025-10-24,scan,196,158,37,140,91,88,26,114,2,110,1,23,0,84.69,99.49,100.0,100.0,93.37,0.0,100.0,0.0,0.0
2025-10-24,sp500,500,347,151,443,335,56,32,43,8,67,11,55,7,58.6,56.2,54.2,66.53,43.2,8.82,51.7,14.83,24.65
2025-10-31,all,4253,1243,2952,3159,4138,859,968,863,510,788,944,293,394,36.87,38.31,39.53,52.48,33.18,9.81,40.21,12.37,37.61
2025-10-31,nasdaq,3096,952,2092,2104,2589,746,733,735,452,675,757,193,264,36.44,39.06,40.78,51.68,34.2,9.19,39.05,12.75,39.02
2025-10-31,r2000,1935,504,1415,1596,2188,366,492,408,133,329,353,113,152,39.54,38.46,39.05,55.46,33.16,9.5,41.41,14.09,35.01
2025-10-31,scan,177,114,63,165,144,69,25,109,0,91,1,20,0,85.88,98.31,100.0,100.0,96.61,0.0,100.0,0.0,0.0
2025-10-31,sp500,501,165,334,540,773,53,85,44,9,63,42,81,67,41.0,44.2,42.4,57.92,38.4,16.63,48.5,9.42,25.45
2025-11-07,all,4261,1463,2745,3821,4513,837,1539,723,618,530,1326,199,599,33.0,33.17,33.67,49.12,25.83,10.68,37.9,11.28,40.15
2025-11-07,nasdaq,3102,909,2148,2311,2967,639,1292,599,553,424,1122,121,480,29.37,30.7,31.98,46.73,25.05,10.74,36.14,10.63,42.49
2025-11-07,r2000,1938,813,1103,2207,2459,444,765,344,166,241,474,93,191,38.52,37.68,37.05,54.71,26.89,9.66,40.45,14.3,35.59
2025-11-07,scan,144,88,56,157,159,50,29,82,0,58,0,12,0,88.89,98.61,100.0,100.0,97.22,0.0,100.0,0.0,0.0
2025-11-07,sp500,501,259,242,708,697,60,65,53,9,53,49,45,37,45.0,44.8,45.2,57.92,34.8,15.43,47.7,10.22,26.65
2025-11-14,all,4262,1816,2386,3298,3458,848,1047,598,730,520,1360,290,449,34.02,33.57,33.33,48.34,27.76,9.87,37.56,10.81,41.76
2025-11-14,nasdaq,3103,1273,1777,2193,2309,728,893,505,650,421,1167,168,347,31.18,30.68,30.96,45.42,25.61,10.16,35.47,9.95,44.41
2025-11-14,r2000,1938,933,992,1852,1831,403,436,273,208,248,464,150,164,40.54,40.11,38.04,53.94,31.94,9.12,40.16,13.81,36.91
2025-11-14,scan,115,75,39,123,104,53,20,60,0,45,1,17,0,89.57,100.0,100.0,100.0,96.52,0.0,100.0,0.0,0.0
2025-11-14,sp500,501,242,259,458,483,27,48,39,10,49,48,55,15,42.8,43.6,44.4,59.92,38.6,12.83,49.5,10.42,27.25
2025-11-21,all,4266,1602,2604,3594,3915,988,1224,551,795,422,1628,120,941,35.51,33.06,31.81,46.3,24.12,9.95,35.02,11.22,43.8
2025-11-21,nasdaq,3107,1131,1925,2334,2527,782,966,472,713,352,1388,90,743,32.96,30.45,29.88,43.63,22.79,10.25,32.9,10.63,46.21
2025-11-21,r2000,1939,818,1098,1948,2008,547,576,263,215,216,559,57,353,43.05,40.69,38.57,52.68,28.12,8.74,38.49,14.13,38.65
2025-11-21,scan,115,74,40,103,79,37,14,61,0,59,0,10,0,86.96,100.0,100.0,100.0,95.65,0.0,100.0,0.0,0.0
2025-11-21,sp500,501,220,280,624,653,58,84,31,9,32,65,23,38,46.71,42.2,41.4,57.31,32.2,12.22,45.29,12.02,30.46
2025-11-28,all,4268,3536,673,3103,1491,930,158,608,724,816,1150,375,83,62.18,48.01,46.12,52.39,31.87,5.98,36.84,15.45,41.72
2025-11-28,nasdaq,3109,2488,567,2000,960,759,147,514,648,609,1028,242,75,56.86,43.12,41.72,48.99,29.38,6.46,34.29,14.54,44.71
2025-11-28,r2000,1939,1697,227,1748,753,427,55,276,203,457,333,199,25,71.83,58.23,55.45,60.21,39.04,4.85,40.72,19.4,35.02
2025-11-28,scan,170,162,8,130,42,43,1,78,0,108,0,30,0,94.12,100.0,100.0,100.0,94.12,0.0,100.0,0.0,0.0
2025-11-28,sp500,501,448,52,430,271,44,7,44,9,90,23,83,1,78.04,63.8,61.4,63.0,42.4,7.41,47.29,15.63,29.66
2025-12-05,all,4271,2221,1989,3319,2761,1153,875,630,669,777,1138,337,151,63.22,50.04,47.38,53.68,37.81,5.85,37.31,16.3,40.54
2025-12-05,nasdaq,3112,1641,1419,2244,1787,952,772,539,596,589,1007,215,132,61.61,46.67,44.28,50.75,34.56,5.82,35.0,15.66,43.52
2025-12-05,r2000,1940,1113,810,1777,1345,554,406,294,184,443,342,172,34,71.26,60.13,57.26,61.81,47.46,4.69,41.4,20.35,33.56
2025-12-05,scan,156,89,67,126,85,40,33,77,0,85,0,30,0,91.67,99.36,100.0,100.0,99.36,0.0,100.0,0.0,0.0
2025-12-05,sp500,501,243,258,458,489,60,28,43,5,80,31,80,5,63.07,58.6,56.6,64.0,46.8,8.62,48.1,15.83,27.45
2025-12-12,all,4274,2368,1839,4587,3194,1066,714,559,758,730,1270,530,170,64.27,53.97,51.8,55.74,42.62,5.97,38.98,16.73,38.33
2025-12-12,nasdaq,3115,1615,1436,2975,2107,859,603,473,686,564,1123,353,145,61.37,49.3,47.51,52.24,39.38,5.88,36.8,15.39,41.92
2025-12-12,r2000,1942,1287,640,2716,1557,531,287,276,182,406,380,311,39,76.06,67.58,65.17,65.48,54.19,4.85,43.93,21.51,29.71
2025-12-12,scan,171,96,75,130,131,37,28,74,0,79,0,24,0,90.06,99.42,100.0,100.0,100.0,0.0,100.0,0.0,0.0
2025-12-12,sp500,501,305,195,624,506,59,50,34,6,72,32,121,12,66.67,62.2,59.8,64.8,48.4,9.42,48.3,16.43,25.85
2025-12-19,all,4278,1597,2624,4578,4934,782,1018,490,902,827,1236,249,422,51.44,51.18,48.67,52.88,42.79,7.76,40.74,12.17,39.33
2025-12-19,nasdaq,3119,1112,1956,2917,3155,685,857,417,822,628,1113,172,400,48.81,47.38,44.82,49.57,39.14,7.72,38.64,11.0,42.64
2025-12-19,r2000,1944,768,1155,2472,2692,340,437,239,217,485,329,166,60,61.22,62.82,60.55,62.49,55.02,6.54,46.89,15.52,31.05
2025-12-19,scan,159,95,63,232,118,46,14,63,0,64,0,9,0,85.53,100.0,100.0,100.0,98.74,0.0,100.0,0.0,0.0
2025-12-19,sp500,501,231,270,819,782,35,42,34,8,77,32,28,4,56.69,60.6,58.2,62.2,51.4,11.82,49.9,12.22,26.05
2025-12-26,all,4279,2113,2089,1426,1454,333,349,513,905,928,919,216,247,48.22,53.99,50.88,53.69,44.49,8.05,42.63,11.12,38.2
2025-12-26,nasdaq,3120,1409,1643,1050,1078,306,320,430,835,725,849,129,236,44.29,49.84,46.61,50.29,40.88,8.3,40.36,10.02,41.32
2025-12-26,r2000,1944,944,977,673,750,114,115,264,204,503,207,90,24,52.91,65.94,62.41,63.6,55.64,7.17,49.26,14.33,29.25
2025-12-26,scan,178,119,59,36,28,12,11,80,0,93,0,10,0,79.78,99.44,100.0,100.0,98.31,0.0,100.0,0.0,0.0
2025-12-26,sp500,501,378,121,86,49,2,3,43,7,83,12,67,2,66.07,66.67,63.6,64.2,56.2,10.82,52.51,11.62,25.05
2026-01-02,all,4280,1544,2665,1737,2125,606,594,469,927,626,972,96,343,37.95,48.14,46.54,51.3,40.21,10.22,43.19,8.2,38.4
2026-01-02,nasdaq,3121,1085,1974,1266,1592,529,533,392,853,494,888,70,327,33.68,42.9,42.05,47.59,35.68,10.54,40.52,7.18,41.76
2026-01-02,r2000,1944,578,1338,866,1091,217,245,234,210,316,225,45,38,34.79,54.6,54.14,60.37,47.78,10.12,50.37,9.96,29.56
2026-01-02,scan,147,79,66,40,25,49,11,50,0,58,0,3,0,74.83,97.28,100.0,100.0,91.16,0.0,100.0,0.0,0.0
2026-01-02,sp500,501,207,294,65,67,39,12,35,8,50,19,13,4,57.68,62.87,60.6,62.0,55.4,12.8,53.0,9.0,25.2
2026-01-09,all,4282,3011,1213,4586,2773,1669,609,542,883,1385,585,571,119,59.97,61.19,59.13,56.44,46.45,8.97,45.61,10.89,34.52
2026-01-09,nasdaq,3123,2109,965,3021,1909,1281,495,427,828,976,553,315,97,54.67,55.59,52.54,51.29,40.1,9.63,42.55,8.8,39.02
2026-01-09,r2000,1945,1504,427,2341,1308,838,277,277,185,756,106,262,37,64.21,71.0,71.06,67.46,55.87,8.73,53.68,13.76,23.82
2026-01-09,scan,194,171,23,202,119,115,24,72,0,127,0,19,0,93.3,100.0,100.0,100.0,96.39,0.0,100.0,0.0,0.0
2026-01-09,sp500,501,361,140,644,451,122,43,51,9,143,7,153,17,69.86,70.86,72.26,69.0,60.68,9.6,56.4,12.6,21.4
2026-01-16,all,4284,2369,1867,4001,3134,1099,736,615,885,1006,713,676,211,62.46,61.81,61.13,57.15,52.75,9.46,46.89,10.42,33.24
2026-01-16,nasdaq,3125,1621,1460,2633,2268,915,637,464,824,723,658,333,181,57.81,55.68,54.77,51.51,46.26,10.4,43.39,8.25,37.95
2026-01-16,r2000,1946,1206,728,1931,1353,497,321,320,181,522,166,392,47,68.93,71.27,71.8,68.45,64.0,8.89,55.69,12.81,22.6
2026-01-16,scan,196,133,63,222,132,83,27,71,10,81,1,35,0,94.39,99.49,100.0,100.0,97.96,0.0,100.0,0.0,0.0
2026-01-16,sp500,501,276,224,644,501,41,52,66,11,92,15,142,22,66.67,72.06,72.85,70.4,61.28,9.0,57.8,12.6,20.6
2026-01-23,all,4288,1973,2241,3290,2959,1070,647,601,864,892,757,525,181,58.1,57.37,59.81,57.38,54.39,10.55,48.82,8.78,31.86
2026-01-23,nasdaq,3128,1498,1571,2321,1970,870,515,457,806,676,692,338,150,55.26,52.64,54.72,52.12,48.63,11.33,45.07,7.27,36.33
2026-01-23,r2000,1947,899,1020,1569,1366,560,293,318,187,438,179,331,46,64.61,65.19,69.66,68.08,66.15,10.16,58.2,9.95,21.69
2026-01-23,scan,239,139,98,208,147,89,35,82,5,86,0,25,0,94.56,99.16,100.0,100.0,98.33,0.0,100.0,0.0,0.0
2026-01-23,sp500,501,215,284,519,546,51,55,55,9,74,22,69,26,57.88,64.47,67.47,70.0,60.48,11.6,59.0,11.0,18.4
2026-01-30,all,4300,1479,2755,3590,4042,701,1241,508,1006,661,1083,356,395,41.92,48.74,51.86,53.27,48.11,14.99,47.69,5.82,31.5
2026-01-30,nasdaq,3140,941,2137,2356,2797,569,1045,388,931,487,981,211,325,38.03,42.82,45.56,47.45,42.63,16.31,42.89,4.81,35.99
2026-01-30,r2000,1950,742,1194,1757,1878,269,559,265,247,313,310,160,112,47.43,55.62,60.39,64.01,56.21,14.6,57.46,6.61,21.32
2026-01-30,scan,186,103,82,218,204,55,47,57,0,62,1,17,0,92.47,100.0,100.0,100.0,96.77,0.0,100.0,0.0,0.0
2026-01-30,sp500,501,254,246,661,620,61,71,45,20,63,46,86,31,54.29,64.67,67.07,68.2,58.88,13.8,60.6,7.6,18.0
2026-02-06,all,4306,2125,2126,5486,4690,1272,1605,749,1012,1033,1044,853,835,45.35,49.54,50.41,52.93,42.89,16.79,48.07,5.11,30.03
2026-02-06,nasdaq,3146,1324,1770,3410,3359,932,1331,519,943,670,938,457,727,37.57,41.71,42.47,45.69,35.91,18.75,42.13,3.82,35.31
2026-02-06,r2000,1951,1183,755,3000,2164,651,716,430,229,518,297,490,210,55.81,59.61,61.99,65.87,52.09,15.19,59.58,6.35,18.89
2026-02-06,scan,229,201,27,413,200,135,34,90,1,129,0,38,0,89.96,100.0,100.0,100.0,92.14,0.0,100.0,0.0,0.0
2026-02-06,sp500,501,338,163,1065,730,131,142,90,28,152,57,236,49,67.27,69.46,69.06,69.4,60.68,15.4,61.2,8.2,15.2
2026-02-13,all,4315,1713,2540,3583,3962,833,1218,735,975,944,1279,610,513,41.9,46.03,46.63,51.02,41.85,18.69,46.94,4.26,30.11
2026-02-13,nasdaq,3155,1156,1939,2234,2645,662,901,513,894,595,1117,245,398,35.14,39.56,39.92,44.04,34.49,20.12,40.82,3.4,35.66
2026-02-13,r2000,1954,746,1194,1665,1962,346,588,407,241,478,431,324,193,50.15,53.76,55.15,63.18,51.34,17.56,58.43,4.76,19.25
2026-02-13,scan,248,134,113,232,255,63,48,99,0,131,0,32,0,91.53,99.6,100.0,100.0,98.39,0.0,100.0,0.0,0.0
2026-02-13,sp500,501,265,235,759,730,79,149,83,25,154,78,193,50,61.68,62.48,63.47,67.8,60.88,18.0,59.2,8.6,14.2
2026-02-20,all,4317,2269,1951,2811,2420,771,515,802,847,1163,1085,257,270,47.22,47.67,48.62,51.32,41.76,17.51,47.31,4.09,31.09
2026-02-20,nasdaq,3157,1612,1456,1876,1586,640,411,552,783,748,945,134,241,42.13,41.44,41.89,44.25,34.66,18.66,40.92,3.39,37.02
2026-02-20,r2000,1955,1073,857,1495,1304,374,258,453,201,591,365,128,55,53.7,55.66,56.96,63.44,50.82,16.91,58.67,4.76,19.66
2026-02-20,scan,281,187,93,218,130,55,10,126,0,175,0,20,0,91.81,99.64,100.0,100.0,96.8,0.0,100.0,0.0,0.0
2026-02-20,sp500,501,305,196,441,352,40,27,93,22,174,62,62,9,63.07,63.87,66.27,68.2,61.88,16.8,61.6,6.6,15.0
2026-02-27,all,4322,1955,2300,3794,3870,1243,1138,824,738,821,1318,424,357,44.79,43.62,45.03,50.35,38.46,16.39,46.32,4.03,33.26
2026-02-27,nasdaq,3162,1418,1684,2515,2541,1021,811,581,682,540,1126,227,284,42.01,38.39,39.51,43.6,32.07,17.33,40.12,3.49,39.07
2026-02-27,r2000,1956,821,1121,1995,2230,599,639,433,182,402,463,204,154,44.21,47.48,49.02,61.13,43.93,17.07,56.82,4.28,21.83
2026-02-27,scan,226,139,87,256,190,82,22,120,0,106,0,18,0,88.94,99.12,100.0,100.0,97.79,0.0,100.0,0.0,0.0
2026-02-27,sp500,501,293,208,631,539,84,111,90,14,142,72,108,19,61.48,62.08,63.47,68.4,57.88,14.4,61.0,7.4,17.2
2026-03-06,all,4325,1392,2871,3529,4429,964,1095,546,870,531,1496,266,266,33.01,31.53,34.35,45.2,30.43,18.43,41.98,3.27,36.32
2026-03-06,nasdaq,3165,1073,2034,2459,2843,798,853,408,791,385,1234,142,232,34.37,29.49,31.47,40.25,26.28,18.03,36.95,3.34,41.68
2026-03-06,r2000,1958,635,1313,1965,2397,458,540,283,231,260,573,146,68,30.94,32.96,37.5,55.22,33.69,19.55,51.82,3.38,25.25
2026-03-06,scan,113,59,54,200,175,37,29,56,1,63,0,12,0,91.15,100.0,100.0,100.0,100.0,0.0,100.0,0.0,0.0
2026-03-06,sp500,501,128,373,418,713,45,101,56,13,57,79,58,2,35.13,42.71,45.11,58.0,43.31,20.2,54.4,3.6,21.8
2026-03-13,all,4329,1294,2967,3213,4559,894,1048,447,1045,454,1684,141,416,26.23,26.68,27.66,40.42,22.97,20.23,37.8,2.68,39.29
2026-03-13,nasdaq,3169,1063,2044,2271,2857,781,796,338,927,334,1353,99,325,29.45,27.26,27.36,36.94,22.4,18.77,34.1,2.9,44.23
2026-03-13,r2000,1958,468,1479,1706,2619,373,535,216,316,208,664,81,154,22.21,25.08,26.85,48.76,23.05,22.19,45.75,3.01,29.05
2026-03-13,scan,104,69,34,171,128,60,16,55,0,54,1,10,0,82.69,100.0,100.0,100.0,97.12,0.0,100.0,0.0,0.0
2026-03-13,sp500,501,121,380,370,619,37,93,49,31,60,116,20,30,22.55,29.34,32.73,50.8,27.54,23.4,49.0,1.8,25.8
2026-03-20,all,4333,1354,2919,3260,5030,777,1209,415,1044,467,1614,134,556,19.57,21.0,21.7,36.67,19.15,21.92,34.41,2.29,41.38
2026-03-20,nasdaq,3173,1012,2105,2284,3339,654,960,321,911,370,1279,85,454,22.42,22.9,22.64,33.93,19.69,20.1,31.4,2.56,45.94
2026-03-20,r2000,1959,596,1352,1795,2893,334,608,192,345,214,644,64,183,15.65,19.05,20.31,44.18,18.15,24.14,41.73,2.48,31.64
2026-03-20,scan,86,65,21,133,121,53,26,56,0,54,1,19,0,80.23,97.67,100.0,100.0,97.67,0.0,100.0,0.0,0.0
2026-03-20,sp500,501,164,337,363,646,30,59,42,28,37,110,31,27,12.57,16.37,20.76,46.2,19.96,24.0,45.2,1.0,29.8
2026-03-27,all,4337,1891,2375,3161,2864,799,1125,427,1170,471,1700,191,576,23.49,22.06,22.15,35.68,18.58,20.74,32.68,3.06,43.52
2026-03-27,nasdaq,3177,1291,1823,2201,2083,680,951,306,1019,381,1308,100,480,24.74,22.85,22.46,32.91,19.04,18.79,29.97,3.0,48.25
2026-03-27,r2000,1959,1023,920,1763,1416,340,488,210,390,208,712,95,192,24.92,21.59,22.66,43.84,18.86,22.78,40.35,3.59,33.28
2026-03-27,scan,89,76,12,121,65,47,12,47,0,42,0,28,0,88.76,97.75,100.0,100.0,95.51,0.0,100.0,0.0,0.0
2026-03-27,sp500,501,218,282,307,281,27,84,50,45,33,139,53,42,13.97,18.96,20.16,44.4,15.17,23.2,42.2,2.2,32.4
2026-04-02,all,4342,3198,1063,3210,1843,1207,585,524,978,622,1180,116,304,50.9,35.35,32.93,41.1,20.83,15.01,36.6,4.57,43.82
2026-04-02,nasdaq,3182,2287,819,2299,1282,1009,472,397,853,510,933,80,262,48.96,36.84,33.63,37.32,21.23,14.32,32.89,4.47,48.32
2026-04-02,r2000,1960,1561,385,1737,888,547,242,253,310,287,454,59,78,58.22,38.08,35.49,50.68,21.62,15.66,45.68,5.17,33.49
2026-04-02,scan,160,125,35,125,63,62,15,91,0,76,0,12,0,92.5,98.75,100.0,100.0,89.38,0.0,100.0,0.0,0.0
2026-04-02,sp500,501,405,95,357,201,90,50,47,38,33,67,23,12,53.49,28.54,30.74,49.8,19.56,16.8,46.4,3.4,33.4
2026-04-10,all,4347,2705,1572,3322,2020,1334,711,527,1047,608,1141,410,273,61.73,48.95,46.16,44.88,29.77,12.21,38.92,6.02,42.85
2026-04-10,nasdaq,3187,1856,1266,2431,1559,1033,587,395,924,513,933,278,234,57.22,46.75,44.55,39.81,30.41,12.77,34.18,5.65,47.39
2026-04-10,r2000,1962,1396,545,1883,905,625,314,293,330,275,435,257,56,72.17,57.37,53.64,56.57,32.72,11.23,49.34,7.33,32.1
2026-04-10,scan,182,139,43,129,70,75,12,84,0,70,0,55,0,97.25,99.45,100.0,100.0,98.9,0.0,100.0,0.0,0.0
2026-04-10,sp500,501,333,167,237,209,139,46,47,42,30,61,73,32,66.87,47.7,45.11,54.4,26.75,13.4,49.2,5.2,32.2
2026-04-17,all,4350,3455,842,4159,1969,1958,446,600,815,940,725,583,94,81.48,70.44,65.75,51.53,44.61,8.32,43.17,8.42,40.09
2026-04-17,nasdaq,3190,2549,592,3173,1471,1612,352,472,721,788,625,397,89,79.94,68.58,64.69,46.15,45.45,8.9,38.63,7.56,44.91
2026-04-17,r2000,1962,1656,299,2011,869,959,174,320,226,439,195,321,10,89.54,80.82,75.24,63.9,51.1,7.75,53.82,10.12,28.31
2026-04-17,scan,213,187,25,190,79,97,19,65,0,65,0,49,0,99.06,100.0,100.0,100.0,99.53,0.0,100.0,0.0,0.0
2026-04-17,sp500,501,379,122,397,241,115,36,43,22,53,35,93,3,80.44,66.07,61.48,62.2,36.33,8.0,54.0,8.2,29.8
2026-04-24,all,4358,1653,2628,2731,3021,956,962,578,829,1004,712,481,149,66.37,64.66,59.95,49.36,53.05,9.84,41.92,7.52,40.73
2026-04-24,nasdaq,3198,1177,1949,2086,2258,808,787,454,729,812,634,318,135,64.29,62.33,58.99,44.63,53.03,10.0,37.57,7.08,45.35
2026-04-24,r2000,1967,763,1187,1280,1421,392,461,286,234,465,166,230,18,74.99,75.94,69.6,61.49,62.08,9.37,52.87,8.64,29.12
2026-04-24,scan,235,117,118,117,145,37,30,67,1,108,0,31,0,93.19,99.57,100.0,100.0,97.02,0.0,100.0,0.0,0.0
2026-04-24,sp500,501,189,312,272,383,65,77,53,24,81,46,116,14,60.28,57.88,53.29,57.6,46.51,11.8,50.6,7.0,30.6
2026-05-01,all,4360,2251,2031,3322,2823,1150,841,638,779,1316,616,396,235,59.23,64.79,60.99,49.51,53.74,10.51,41.83,7.72,39.94
2026-05-01,nasdaq,3200,1608,1519,2296,1956,931,669,487,700,992,573,249,205,58.1,62.82,59.55,45.21,51.54,10.25,37.92,7.3,44.52
2026-05-01,r2000,1968,1093,862,1673,1305,530,403,338,201,694,120,226,30,64.68,74.97,70.74,61.64,63.84,10.36,52.79,8.83,28.02
2026-05-01,scan,250,165,84,219,165,78,35,90,3,160,0,29,0,89.6,99.6,100.0,100.0,98.4,0.0,100.0,0.0,0.0
2026-05-01,sp500,501,269,232,515,485,89,60,53,18,109,33,61,40,56.89,59.28,55.49,58.4,50.7,12.4,50.2,8.2,29.2
2026-05-08,all,4364,2168,2125,4114,3756,1549,1145,744,672,1599,568,537,260,51.21,62.08,60.22,49.98,54.44,10.49,41.37,8.7,39.44
2026-05-08,nasdaq,3203,1612,1529,2951,2496,1265,839,619,586,1203,510,345,202,51.65,61.17,59.26,45.82,53.13,9.63,37.93,7.95,44.49
2026-05-08,r2000,1972,1085,870,2108,1887,729,614,354,186,835,121,301,56,56.68,69.66,69.05,62.2,63.48,11.13,52.05,10.24,26.58
2026-05-08,scan,183,144,38,248,161,110,37,50,3,131,0,16,0,86.89,100.0,100.0,100.0,96.72,0.0,100.0,0.0,0.0
2026-05-08,sp500,501,215,285,497,604,113,79,59,20,133,29,103,53,42.71,55.69,52.69,56.2,48.3,14.6,47.4,8.8,29.2
2026-05-15,all,4372,1217,3089,3477,4772,1075,1314,655,780,1365,630,338,547,33.7,45.24,47.94,44.64,44.59,13.21,38.08,6.58,42.13
2026-05-15,nasdaq,3211,913,2240,2546,3321,905,1037,549,644,1077,537,236,387,35.05,46.3,48.67,41.66,45.04,11.75,35.06,6.63,46.55
2026-05-15,r2000,1976,444,1519,1612,2538,470,656,310,257,624,181,152,188,30.75,46.04,50.66,53.82,47.85,16.11,46.96,6.93,30.01
2026-05-15,scan,159,80,78,176,181,61,36,55,2,115,0,13,0,91.19,100.0,100.0,100.0,99.37,0.0,100.0,0.0,0.0
2026-05-15,sp500,501,173,326,454,596,64,69,52,38,127,33,85,106,36.13,42.51,45.51,52.8,41.32,14.4,46.4,6.4,32.8
2026-05-22,all,4377,2799,1506,3946,2986,1388,763,730,672,1205,674,281,267,49.92,52.42,54.87,47.81,42.75,10.78,39.98,7.82,41.42
2026-05-22,nasdaq,3216,1950,1198,2772,2127,1139,638,607,581,952,584,184,218,49.55,52.17,54.35,43.91,43.15,10.07,36.32,7.58,46.03
2026-05-22,r2000,1977,1405,557,1976,1390,665,335,340,198,556,196,158,74,51.4,55.74,59.5,57.65,46.07,13.22,49.53,8.13,29.12
2026-05-22,scan,183,124,57,155,92,69,19,64,0,110,0,16,0,83.06,99.45,100.0,100.0,89.07,0.0,100.0,0.0,0.0
2026-05-22,sp500,501,375,126,545,355,93,44,55,23,113,24,59,16,59.88,56.49,58.48,59.6,43.11,8.6,51.6,8.0,31.8
2026-05-29,all,4379,2611,1696,3765,2885,1323,498,790,602,1261,677,434,115,56.69,55.39,58.69,50.33,47.98,9.3,41.6,8.7,40.4
2026-05-29,nasdaq,3217,1934,1219,2730,1938,1105,408,662,542,1026,570,291,87,57.12,55.59,58.24,46.7,47.59,8.62,38.08,8.58,44.71
2026-05-29,r2000,1977,1301,660,1785,1265,556,216,375,152,563,205,230,20,61.52,59.92,64.98,61.12,53.96,11.01,51.68,9.38,27.94
2026-05-29,scan,180,139,41,167,133,63,17,61,0,90,0,13,0,83.89,96.67,100.0,100.0,95.0,0.0,100.0,0.0,0.0
2026-05-29,sp500,502,232,268,481,555,107,29,54,22,114,33,72,16,50.7,51.3,55.09,59.4,45.91,9.8,51.6,7.8,30.8
2026-06-05,all,4381,1500,2811,3750,4607,1138,1708,659,739,744,1231,395,314,44.41,44.4,47.87,46.99,44.2,11.03,39.58,7.34,42.05
2026-06-05,nasdaq,3219,973,2183,2611,3385,940,1472,547,663,597,1056,244,260,40.75,42.36,45.77,42.58,43.31,10.92,35.64,6.85,46.59
2026-06-05,r2000,1978,759,1205,1854,2232,495,776,306,208,339,450,216,78,49.7,48.98,53.85,57.09,49.57,13.56,49.01,8.01,29.42
2026-06-05,scan,151,74,77,169,167,80,50,52,1,61,0,16,0,90.07,98.68,100.0,100.0,98.68,0.0,100.0,0.0,0.0
2026-06-05,sp500,502,277,224,586,565,87,89,48,20,67,49,95,32,61.48,53.49,55.09,59.6,45.71,7.6,52.2,7.4,32.8
2026-06-12,all,4389,2734,1582,4440,2977,1404,816,854,680,941,1015,490,334,55.55,52.41,53.38,49.44,43.0,9.51,41.18,8.17,41.14
2026-06-12,nasdaq,3227,1844,1313,3069,2159,1123,690,660,635,719,890,304,304,49.63,48.21,49.87,44.02,40.92,10.01,36.98,6.94,46.07
2026-06-12,r2000,1980,1471,495,2368,1307,631,289,452,146,456,307,351,60,66.35,60.64,61.86,61.28,49.67,10.62,51.6,9.58,28.21
2026-06-12,scan,223,191,32,223,103,108,10,123,0,123,0,26,0,91.03,99.55,100.0,100.0,96.86,0.0,100.0,0.0,0.0
2026-06-12,sp500,502,347,155,584,405,98,58,70,17,93,36,68,19,71.06,64.87,61.28,62.0,48.3,6.2,53.2,8.8,31.8
2026-06-18,all,4391,1991,2302,4161,3786,1234,818,901,656,918,1020,238,247,50.93,51.26,51.41,49.5,42.67,8.95,41.43,8.07,41.55
2026-06-18,nasdaq,3229,1506,1634,2893,2433,1065,626,703,612,731,852,146,221,48.13,48.84,49.14,44.86,40.48,8.95,37.68,7.13,46.24
2026-06-18,r2000,1980,935,1021,2303,1966,584,364,483,120,454,329,131,26,61.0,59.68,59.79,61.18,49.39,10.04,51.96,9.2,28.8
2026-06-18,scan,209,143,65,262,141,91,17,133,0,111,0,21,0,86.12,98.56,100.0,100.0,93.78,0.0,100.0,0.0,0.0
2026-06-18,sp500,503,184,317,544,659,76,77,75,19,73,56,37,32,51.5,56.89,56.29,61.4,47.5,6.6,52.8,8.6,32.0
2026-06-26,all,4396,2487,1844,6073,3742,1595,1082,1088,586,960,1049,757,515,56.04,55.55,54.64,51.8,44.39,7.41,41.61,10.21,40.77
2026-06-26,nasdaq,3234,1655,1521,4025,2604,1214,916,828,549,716,931,500,461,50.85,50.56,50.13,46.33,40.44,7.65,37.77,8.54,46.04
2026-06-26,r2000,1983,1398,574,3599,1710,899,372,620,84,543,260,533,83,72.18,69.36,67.53,65.61,54.94,7.1,52.66,13.0,27.24
2026-06-26,scan,211,143,68,372,207,87,52,127,0,102,1,45,0,91.0,100.0,100.0,100.0,95.26,0.0,100.0,0.0,0.0
2026-06-26,sp500,503,331,172,918,602,111,93,82,17,86,41,100,42,62.75,66.27,64.07,65.0,54.29,6.0,52.8,12.2,29.0
2026-07-02,all,4401,2491,1835,3569,2789,1025,716,1300,476,1293,920,675,147,60.42,58.48,57.53,53.56,49.61,7.33,41.5,12.11,39.06
2026-07-02,nasdaq,3239,1866,1306,2615,1860,886,591,1011,433,957,819,424,125,57.41,54.37,53.69,48.51,45.59,6.95,38.03,10.47,44.55
2026-07-02,r2000,1987,1078,894,1885,1550,380,308,699,64,731,220,461,24,70.98,71.22,69.48,67.0,61.55,7.82,52.58,14.55,25.04
2026-07-02,scan,181,104,77,203,149,47,31,124,0,96,0,32,0,95.58,100.0,100.0,100.0,98.9,0.0,100.0,0.0,0.0
2026-07-02,sp500,503,318,184,431,375,84,49,111,14,138,42,102,17,67.93,67.47,67.27,67.6,59.48,6.6,52.6,15.0,25.8
2026-07-10,all,4404,1743,2585,2334,2546,864,1009,988,581,1105,865,261,209,53.34,56.63,55.93,52.49,48.93,7.49,41.87,10.66,39.98
2026-07-10,nasdaq,3242,1296,1880,1741,1808,741,834,778,529,840,755,171,189,51.81,52.77,51.95,47.52,45.33,7.17,37.95,9.54,45.35
2026-07-10,r2000,1988,747,1221,1143,1376,374,453,533,98,631,218,125,40,59.19,67.29,66.29,65.33,60.45,8.45,52.55,12.93,26.07
2026-07-10,scan,262,143,119,118,96,43,32,146,0,156,0,24,0,88.93,99.24,100.0,100.0,96.18,0.0,100.0,0.0,0.0
2026-07-10,sp500,503,214,288,235,255,42,53,76,14,93,33,51,3,62.35,67.86,68.26,67.4,59.08,6.8,55.2,12.2,25.8
2026-07-17,all,4408,1945,2379,2487,2361,923,1280,728,724,870,1187,388,367,47.45,51.86,52.34,51.96,47.29,8.08,41.83,10.17,39.92
2026-07-17,nasdaq,3246,1247,1919,1688,1679,699,1099,577,672,623,1069,204,341,42.91,46.73,47.16,46.07,42.88,8.07,37.15,8.89,45.88
2026-07-17,r2000,1989,1065,909,1349,1143,462,558,392,138,528,312,263,58,56.03,64.42,64.72,65.23,60.0,9.12,53.1,12.3,25.48
2026-07-17,scan,224,150,72,122,84,62,25,92,0,108,2,14,0,85.27,99.55,100.0,100.0,99.11,0.0,100.0,0.0,0.0
2026-07-17,sp500,503,276,227,306,313,67,107,54,13,82,46,84,12,58.05,62.67,64.47,68.6,56.49,6.6,58.0,10.6,24.8
2026-07-24,all,4409,1526,2803,1966,2449,867,1085,555,860,750,1253,159,393,35.4,44.33,46.97,48.85,39.76,8.9,40.8,8.16,42.14
2026-07-24,nasdaq,3247,1018,2158,1367,1672,722,923,438,798,529,1124,91,359,29.7,38.82,41.46,43.37,35.6,8.58,35.94,7.47,48.0
2026-07-24,r2000,1989,671,1301,983,1336,357,478,311,190,438,343,98,70,38.84,52.86,56.25,60.97,48.81,10.53,52.21,8.96,28.3
2026-07-24,scan,182,99,83,103,72,57,9,60,1,87,0,11,0,78.57,98.9,100.0,100.0,96.7,0.0,100.0,0.0,0.0
2026-07-24,sp500,503,261,242,286,312,70,59,34,15,73,55,28,14,55.27,62.95,65.47,66.4,52.5,8.0,56.6,9.8,25.6
2026-07-31,all,4407,2156,2178,3089,3045,1261,1286,603,802,765,1160,333,401,38.68,43.86,44.72,49.53,37.83,9.21,39.87,9.78,41.15
2026-07-31,nasdaq,3245,1589,1592,2024,1925,987,1012,471,739,598,1034,209,377,36.15,40.6,40.72,44.2,33.4,8.45,35.16,9.14,47.25
2026-07-31,r2000,1991,1044,930,1530,1512,579,569,324,184,426,321,215,63,42.72,50.1,52.53,61.39,45.59,11.29,50.68,10.77,27.26
2026-07-31,scan,217,165,52,163,107,69,16,77,0,92,0,24,0,84.79,99.08,100.0,100.0,95.85,0.0,100.0,0.0,0.0
2026-07-31,sp500,503,290,213,598,578,150,119,48,4,69,45,67,4,53.68,60.96,62.67,68.0,55.49,8.0,56.6,11.4,24.0
2026-08-07,all,4416,3102,1261,4049,2611,2005,701,674,724,1002,980,348,163,61.81,56.72,55.59,54.99,43.79,6.72,42.38,12.76,38.15
2026-08-07,nasdaq,3254,2298,907,2712,1691,1614,555,514,670,742,887,228,148,61.55,53.66,51.9,49.55,40.06,5.59,37.98,11.74,44.68
2026-08-07,r2000,1994,1435,548,2287,1416,1029,329,385,156,551,273,222,32,65.66,63.95,64.86,68.32,52.66,8.05,54.08,14.29,23.58
2026-08-07,scan,244,212,32,248,128,119,13,77,1,113,0,33,0,90.16,99.18,100.0,100.0,94.67,0.0,100.0,0.0,0.0
2026-08-07,sp500,503,355,148,464,355,112,51,58,6,114,33,51,6,65.41,66.14,66.33,73.6,57.57,6.4,58.8,14.8,20.0
2026-08-14,all,4422,2374,1970,2932,2433,1227,814,781,696,952,880,339,199,64.03,58.12,57.81,55.3,48.48,6.67,42.96,12.45,37.93
2026-08-14,nasdaq,3260,1736,1457,2162,1770,1041,685,602,659,724,754,216,179,63.77,55.88,54.92,49.74,45.52,5.75,37.98,11.89,44.38
2026-08-14,r2000,1997,1101,877,1484,1293,496,359,447,140,436,302,196,45,67.44,63.71,65.49,67.87,56.58,8.35,54.77,13.12,23.76
2026-08-14,scan,240,151,88,100,63,51,14,91,0,74,1,24,0,94.58,98.33,100.0,100.0,97.92,0.0,100.0,0.0,0.0
2026-08-14,sp500,503,300,201,209,144,82,23,65,7,113,29,60,2,67.79,69.38,70.52,74.65,59.56,6.0,61.0,13.6,19.4
2026-08-21,all,4424,1794,2552,2767,2596,1198,1029,868,636,862,1020,247,213,51.59,52.12,52.86,54.27,46.15,8.64,42.24,12.12,36.99
2026-08-21,nasdaq,3262,1344,1847,2059,1792,1016,835,670,601,649,891,166,188,53.25,52.0,51.74,49.74,44.72,6.81,37.37,12.48,43.34
2026-08-21,r2000,1997,783,1193,1298,1325,503,462,492,125,405,342,134,39,50.28,55.32,57.74,65.72,52.73,10.57,54.51,11.24,23.68
2026-08-21,scan,198,111,87,122,69,57,35,105,2,74,2,20,0,93.43,98.99,100.0,100.0,97.98,0.0,100.0,0.0,0.0
2026-08-21,sp500,503,203,300,266,260,74,76,72,6,106,39,37,8,50.3,55.67,58.17,72.65,50.4,11.0,59.4,13.2,16.4
2026-08-28,all,4427,1677,2656,2099,1987,872,844,663,801,870,939,196,223,41.17,47.65,47.58,52.66,43.25,10.0,42.27,10.45,37.28
2026-08-28,nasdaq,3265,1209,1977,1601,1482,782,739,522,734,680,812,136,200,41.58,47.46,46.67,48.26,42.6,8.16,37.56,10.7,43.58
2026-08-28,r2000,1997,756,1208,909,866,333,317,355,210,403,315,95,27,40.21,50.23,51.69,63.12,45.78,12.68,54.04,9.21,24.07
2026-08-28,scan,172,89,83,80,61,41,13,84,0,74,0,16,0,83.72,100.0,100.0,100.0,98.26,0.0,100.0,0.0,0.0
2026-08-28,sp500,503,219,284,187,198,40,39,62,14,91,34,29,8,43.34,52.29,53.48,71.66,49.9,11.8,59.4,12.4,16.4
2026-09-04,all,4436,2107,2230,2723,2700,872,719,722,810,1003,844,144,374,43.23,47.84,47.01,51.97,38.93,10.86,42.51,9.45,37.18
2026-09-04,nasdaq,3273,1581,1608,1864,1709,759,615,581,754,796,723,99,335,44.14,49.01,47.32,48.44,39.07,8.61,38.57,9.81,43.01
2026-09-04,r2000,1999,1049,923,1359,1280,367,264,411,195,462,278,78,58,48.2,51.56,51.03,62.3,40.71,13.7,53.72,8.63,23.94
2026-09-04,scan,180,128,52,123,79,32,8,87,0,97,0,8,0,83.33,100.0,100.0,100.0,94.44,0.0,100.0,0.0,0.0
2026-09-04,sp500,503,215,288,324,417,45,47,45,18,95,27,25,20,36.38,46.72,47.71,67.07,43.14,14.6,57.8,9.4,18.2
2026-09-11,all,4433,1097,3251,2001,3151,601,941,598,778,845,895,89,438,29.15,35.4,37.01,47.36,30.89,14.77,40.06,7.23,37.94
2026-09-11,nasdaq,3272,855,2339,1416,2075,517,793,496,717,684,732,64,352,30.67,36.93,37.92,44.81,32.08,11.72,36.74,7.96,43.57
2026-09-11,r2000,1998,418,1564,980,1691,208,464,310,183,384,324,37,115,28.24,34.44,38.05,56.69,31.2,18.83,50.34,6.36,24.47
2026-09-11,scan,123,60,62,82,70,31,17,39,0,64,0,2,0,76.42,100.0,100.0,100.0,95.93,0.0,100.0,0.0,0.0
2026-09-11,sp500,503,125,377,224,407,43,50,30,11,59,37,7,41,25.25,35.59,39.76,60.08,29.42,19.76,54.29,5.79,20.16
2026-09-14,all,4434,45,103,17,42,0,0,615,765,803,944,0,4,29.26,34.99,36.97,47.22,29.37,14.66,39.94,7.21,38.2
2026-09-14,nasdaq,3272,28,36,9,9,0,0,510,711,657,765,0,0,30.77,36.45,37.85,44.79,30.3,11.63,36.82,7.87,43.69
2026-09-14,r2000,1998,32,86,13,37,0,0,311,175,355,354,0,4,28.34,34.07,37.88,56.32,29.42,18.57,50.03,6.31,25.09
2026-09-14,scan,113,0,0,0,0,0,0,40,0,69,0,0,0,76.11,100.0,100.0,100.0,98.23,0.0,100.0,0.0,0.0
2026-09-14,sp500,503,0,0,0,0,0,0,32,10,51,41,0,0,25.05,34.39,39.17,59.48,27.63,19.16,53.29,6.19,21.36
2026-09-15,all,4441,2038,2191,777,848,245,328,584,871,829,977,26,137,30.73,35.55,37.1,46.43,29.46,15.64,38.93,7.41,38.01
2026-09-15,nasdaq,3278,1520,1563,551,508,208,268,491,801,687,771,16,103,32.76,37.86,38.67,44.21,30.86,12.51,36.07,8.02,43.41
2026-09-15,r2000,2000,1003,943,428,451,106,119,290,226,363,386,11,48,31.62,35.8,38.3,55.18,29.74,19.48,48.89,6.3,25.32
2026-09-15,scan,116,81,35,28,19,19,3,56,0,66,0,3,0,75.0,99.14,100.0,100.0,90.52,0.0,100.0,0.0,0.0
2026-09-15,sp500,503,283,219,96,99,22,39,33,18,45,48,5,5,26.44,33.8,38.57,58.88,28.43,20.76,51.5,7.39,20.36
2026-09-16,all,4441,1575,2729,1410,1901,363,618,554,884,872,914,70,316,27.81,32.59,34.51,44.66,27.7,16.67,37.86,6.72,38.75
2026-09-16,nasdaq,3278,1156,1995,954,1200,310,524,457,805,715,736,42,248,29.14,34.4,35.97,42.68,29.24,13.31,35.3,7.27,44.12
2026-09-16,r2000,2000,781,1191,768,1015,141,247,274,234,375,347,32,100,29.36,32.83,35.81,53.38,28.02,20.72,47.34,6.05,25.89
2026-09-16,scan,112,75,37,65,37,26,4,49,0,72,0,7,0,80.36,99.11,100.0,100.0,92.86,0.0,100.0,0.0,0.0
2026-09-16,sp500,503,212,290,183,238,28,50,33,23,54,44,13,19,23.66,31.41,34.99,56.29,25.65,22.55,49.9,6.39,21.16
2026-09-17,all,4441,1368,2988,2141,2974,510,820,522,933,733,1030,93,477,24.58,29.57,32.3,44.12,25.76,16.91,37.35,6.7,39.04
2026-09-17,nasdaq,3278,1028,2174,1448,1912,443,679,427,848,605,854,56,375,26.05,31.4,33.52,42.65,27.19,13.34,34.93,7.59,44.14
2026-09-17,r2000,2000,634,1345,1159,1613,184,333,268,248,319,390,44,144,25.21,29.06,33.15,52.91,25.2,20.52,47.24,5.74,26.51
2026-09-17,scan,106,69,36,100,61,33,8,51,2,59,0,10,0,83.02,97.17,100.0,100.0,94.34,0.0,100.0,0.0,0.0
2026-09-17,sp500,503,155,347,252,382,33,72,28,30,41,49,17,33,18.89,26.04,31.61,53.49,23.86,24.75,47.5,5.99,21.76
2026-09-18,all,4435,1527,2820,4250,5490,1086,1103,552,866,805,978,138,656,28.8,31.17,33.61,44.15,25.61,16.98,37.46,6.59,38.97
2026-09-18,nasdaq,3274,1225,1966,3018,3451,968,897,463,779,680,789,89,486,32.3,34.58,36.61,43.22,27.4,13.2,35.48,7.6,43.73
2026-09-18,r2000,1998,645,1336,2231,3073,401,474,268,226,339,374,62,214,26.39,28.4,31.84,52.09,24.43,21.0,46.56,5.54,26.9
2026-09-18,scan,126,99,27,205,147,68,18,58,0,79,0,14,0,86.51,98.41,100.0,100.0,92.06,0.0,100.0,0.0,0.0
2026-09-18,sp500,503,140,363,540,809,63,89,31,19,47,51,26,57,20.28,25.65,29.22,53.09,24.25,25.15,48.7,4.39,21.76
2026-09-21,all,4438,66,84,27,34,1,0,564,851,687,1095,3,0,29.29,30.56,33.23,44.13,25.14,16.62,37.44,6.59,39.35
2026-09-21,nasdaq,3277,24,46,10,10,1,0,463,777,582,864,1,0,32.69,33.91,36.21,43.19,27.23,13.03,35.43,7.6,43.94
2026-09-21,r2000,2000,52,64,21,28,0,0,279,219,284,453,2,0,27.14,27.77,31.03,52.12,23.83,20.37,46.48,5.64,27.51
2026-09-21,scan,114,0,0,0,0,0,0,55,0,68,0,0,0,85.96,97.37,100.0,100.0,97.37,0.0,100.0,0.0,0.0
2026-09-21,sp500,503,0,0,0,0,0,0,42,16,41,61,0,0,20.48,24.65,29.03,53.09,22.27,24.55,48.9,4.19,22.36
